invoice_id,customer_name,customer_segment,vendor_name,invoice_amount,invoice_date,due_date,payment_date,payment_status,days_to_pay,is_late,days_overdue
INV-2026-00001,Cascade Foods,Mid-Market,WorkCapital Hub,39343.92,2026-01-07,2026-02-21,2026-03-27,Late,79,1,34
INV-2026-00002,Summit Financial,Enterprise,WorkCapital Hub,44857.61,2026-01-01,2026-03-02,2026-02-22,Paid,52,0,0
INV-2026-00003,Terra Farms,SMB,CloudServe Inc,5766.24,2025-10-29,2025-11-28,2025-11-27,Paid,29,0,0
INV-2026-00004,Vertex Biotech,Enterprise,TradeLedger Finance,142503.6,2026-02-05,2026-04-06,2026-03-31,Paid,54,0,0
INV-2026-00005,Quantum Analytics,SMB,NetScale Partners,6027.28,2026-01-10,2026-02-09,,Outstanding,120,1,90
INV-2026-00006,Delta Manufacturing,Enterprise,CloudServe Inc,174964.01,2025-12-22,2026-02-20,2026-02-17,Paid,57,0,0
INV-2026-00007,Lumen Software,SMB,WorkCapital Hub,6127.9,2026-01-19,2026-02-18,2026-02-10,Paid,22,0,0
INV-2026-00008,Keystone Energy,Enterprise,TradeLedger Finance,73416.83,2025-02-10,2025-04-11,2025-04-10,Paid,59,0,0
INV-2026-00009,Juniper Consulting,Mid-Market,FleetManage Co,10590.1,2026-03-15,2026-04-29,,Outstanding,56,1,11
INV-2026-00010,Union Transport,Mid-Market,InsightOps Ltd,31594.03,2024-11-19,2025-01-03,2024-12-30,Paid,41,0,0
INV-2026-00011,Meridian Pharma,Enterprise,NetScale Partners,42752.16,2025-09-19,2025-11-18,2025-11-17,Paid,59,0,0
INV-2026-00012,Brightline Retail,SMB,CloudServe Inc,7000.09,2026-01-03,2026-02-02,2026-03-01,Late,57,1,27
INV-2026-00013,Ironclad Security,SMB,CloudServe Inc,5375.52,2025-07-09,2025-08-08,2025-09-14,Late,67,1,37
INV-2026-00014,Vertex Biotech,Enterprise,PayFlow Technologies,127597.06,2025-04-16,2025-06-15,2025-06-15,Paid,60,0,0
INV-2026-00015,Keystone Energy,Enterprise,SupplyChain Pro,38957.42,2025-05-08,2025-07-07,2025-06-28,Paid,51,0,0
INV-2026-00016,Evergreen Health,Mid-Market,FleetManage Co,32852.82,2026-03-17,2026-05-01,2026-04-26,Paid,40,0,0
INV-2026-00017,Horizon Media,Mid-Market,GreenLedger Systems,8506.0,2025-11-20,2026-01-04,2025-12-31,Paid,41,0,0
INV-2026-00018,Westfield Properties,Mid-Market,SupplyChain Pro,43767.06,2025-08-10,2025-09-24,2025-09-21,Paid,42,0,0
INV-2026-00019,Lumen Software,SMB,SupplyChain Pro,10909.15,2025-12-18,2026-01-17,2026-01-29,Late,42,1,12
INV-2026-00020,Horizon Media,Mid-Market,PayFlow Technologies,39264.57,2026-01-26,2026-03-12,2026-03-08,Paid,41,0,0
INV-2026-00021,Keystone Energy,Enterprise,SupplyChain Pro,125726.22,2025-05-01,2025-06-30,2025-06-26,Paid,56,0,0
INV-2026-00022,Brightline Retail,SMB,SupplyChain Pro,2418.67,2025-02-20,2025-03-22,2025-03-17,Paid,25,0,0
INV-2026-00023,Evergreen Health,Mid-Market,DataPipe Solutions,18874.79,2025-04-26,2025-06-10,2025-08-09,Late,105,1,60
INV-2026-00024,Xeno Packaging,SMB,NetScale Partners,6250.57,2025-08-03,2025-09-02,2025-08-24,Paid,21,0,0
INV-2026-00025,Northstar Wholesale,Mid-Market,CloudServe Inc,18262.76,2025-07-29,2025-09-12,2025-09-05,Paid,38,0,0
INV-2026-00026,Juniper Consulting,Mid-Market,FleetManage Co,9343.03,2025-09-05,2025-10-20,2025-10-11,Paid,36,0,0
INV-2026-00027,Quantum Analytics,SMB,FleetManage Co,2006.7,2025-12-15,2026-01-14,2026-01-11,Paid,27,0,0
INV-2026-00028,Acme Logistics,SMB,FleetManage Co,10093.65,2025-01-31,2025-03-02,2025-02-26,Paid,26,0,0
INV-2026-00029,Xeno Packaging,SMB,NetScale Partners,3666.81,2025-10-24,2025-11-23,2025-12-06,Late,43,1,13
INV-2026-00030,Brightline Retail,SMB,PayFlow Technologies,6611.21,2025-12-25,2026-01-24,2026-01-17,Paid,23,0,0
INV-2026-00031,Keystone Energy,Enterprise,FleetManage Co,140752.39,2025-06-05,2025-08-04,2025-08-04,Paid,60,0,0
INV-2026-00032,Acme Logistics,SMB,FleetManage Co,7513.09,2026-03-12,2026-04-11,2026-04-02,Paid,21,0,0
INV-2026-00033,Horizon Media,Mid-Market,DataPipe Solutions,10755.9,2026-01-09,2026-02-23,,Outstanding,121,1,76
INV-2026-00034,Frontier Tech,SMB,SupplyChain Pro,2164.52,2025-04-15,2025-05-15,2025-05-06,Paid,21,0,0
INV-2026-00035,Orion Aerospace,Enterprise,WorkCapital Hub,139542.52,2025-03-03,2025-05-02,2025-06-22,Late,111,1,51
INV-2026-00036,Cascade Foods,Mid-Market,FleetManage Co,24543.36,2025-06-18,2025-08-02,2025-07-28,Paid,40,0,0
INV-2026-00037,Yellowstone Mining,Enterprise,DataPipe Solutions,111055.7,2026-03-30,2026-05-29,,Outstanding,41,0,0
INV-2026-00038,Summit Financial,Enterprise,DataPipe Solutions,97444.15,2025-10-03,2025-12-02,2026-01-31,Late,120,1,60
INV-2026-00039,Horizon Media,Mid-Market,FleetManage Co,29240.63,2025-07-24,2025-09-07,2025-08-30,Paid,37,0,0
INV-2026-00040,Keystone Energy,Enterprise,NetScale Partners,126049.31,2025-01-19,2025-03-20,2025-03-14,Paid,54,0,0
INV-2026-00041,Granite Construction,Enterprise,InsightOps Ltd,151568.16,2025-04-10,2025-06-09,2025-07-01,Late,82,1,22
INV-2026-00042,Orion Aerospace,Enterprise,NetScale Partners,73101.87,2025-05-28,2025-07-27,2025-07-18,Paid,51,0,0
INV-2026-00043,Evergreen Health,Mid-Market,FleetManage Co,9619.6,2025-02-08,2025-03-25,,Outstanding,456,1,411
INV-2026-00044,Riverstone Hotels,Mid-Market,GreenLedger Systems,7135.28,2024-12-15,2025-01-29,2025-01-27,Paid,43,0,0
INV-2026-00045,Union Transport,Mid-Market,DataPipe Solutions,40000.2,2025-05-06,2025-06-20,2025-07-22,Late,77,1,32
INV-2026-00046,Westfield Properties,Mid-Market,GreenLedger Systems,27849.31,2025-03-23,2025-05-07,2025-05-08,Late,46,1,1
INV-2026-00047,Xeno Packaging,SMB,InsightOps Ltd,10134.74,2025-08-25,2025-09-24,,Outstanding,258,1,228
INV-2026-00048,Xeno Packaging,SMB,NetScale Partners,10909.72,2025-11-23,2025-12-23,2025-12-14,Paid,21,0,0
INV-2026-00049,Terra Farms,SMB,WorkCapital Hub,2306.98,2025-10-21,2025-11-20,2025-11-17,Paid,27,0,0
INV-2026-00050,Vertex Biotech,Enterprise,InsightOps Ltd,124132.31,2026-02-09,2026-04-10,2026-04-05,Paid,55,0,0
INV-2026-00051,Lumen Software,SMB,InsightOps Ltd,4916.13,2025-02-13,2025-03-15,2025-03-09,Paid,24,0,0
INV-2026-00052,Juniper Consulting,Mid-Market,SupplyChain Pro,42954.32,2025-02-22,2025-04-08,2025-04-05,Paid,42,0,0
INV-2026-00053,Ironclad Security,SMB,FleetManage Co,9809.19,2025-09-01,2025-10-01,2025-09-21,Paid,20,0,0
INV-2026-00054,Evergreen Health,Mid-Market,PayFlow Technologies,32791.93,2025-12-17,2026-01-31,2026-01-31,Paid,45,0,0
INV-2026-00055,Pinnacle Insurance,Mid-Market,WorkCapital Hub,8379.73,2025-01-06,2025-02-20,2025-04-23,Late,107,1,62
INV-2026-00056,Evergreen Health,Mid-Market,FleetManage Co,36304.96,2026-01-22,2026-03-08,2026-02-26,Paid,35,0,0
INV-2026-00057,Summit Financial,Enterprise,NetScale Partners,120505.68,2025-09-30,2025-11-29,2025-11-19,Paid,50,0,0
INV-2026-00058,Lumen Software,SMB,NetScale Partners,9355.94,2025-07-25,2025-08-24,2025-08-16,Paid,22,0,0
INV-2026-00059,Delta Manufacturing,Enterprise,InsightOps Ltd,43151.05,2026-04-02,2026-06-01,,Outstanding,38,0,0
INV-2026-00060,Xeno Packaging,SMB,FleetManage Co,4536.74,2026-01-08,2026-02-07,2026-02-03,Paid,26,0,0
INV-2026-00061,Terra Farms,SMB,InsightOps Ltd,2565.25,2025-05-31,2025-06-30,2025-06-26,Paid,26,0,0
INV-2026-00062,Summit Financial,Enterprise,InsightOps Ltd,110713.93,2025-06-10,2025-08-09,2025-08-05,Paid,56,0,0
INV-2026-00063,Delta Manufacturing,Enterprise,DataPipe Solutions,43364.18,2024-11-18,2025-01-17,2025-01-14,Paid,57,0,0
INV-2026-00064,Delta Manufacturing,Enterprise,InsightOps Ltd,26906.92,2025-08-01,2025-09-30,2025-09-26,Paid,56,0,0
INV-2026-00065,Horizon Media,Mid-Market,NetScale Partners,17077.1,2026-04-22,2026-06-06,,Outstanding,18,0,0
INV-2026-00066,Cascade Foods,Mid-Market,PayFlow Technologies,38475.86,2026-05-08,2026-06-22,,Outstanding,2,0,0
INV-2026-00067,Delta Manufacturing,Enterprise,FleetManage Co,164040.18,2025-11-02,2026-01-01,,Outstanding,189,1,129
INV-2026-00068,Granite Construction,Enterprise,CloudServe Inc,166148.93,2025-02-01,2025-04-02,2025-04-03,Late,61,1,1
INV-2026-00069,Delta Manufacturing,Enterprise,CloudServe Inc,149229.68,2024-12-13,2025-02-11,2025-02-03,Paid,52,0,0
INV-2026-00070,Quantum Analytics,SMB,SupplyChain Pro,10185.38,2025-01-19,2025-02-18,,Outstanding,476,1,446
INV-2026-00071,Lumen Software,SMB,TradeLedger Finance,6450.75,2025-03-04,2025-04-03,2025-03-24,Paid,20,0,0
INV-2026-00072,Lumen Software,SMB,WorkCapital Hub,2962.06,2025-02-07,2025-03-09,2025-03-04,Paid,25,0,0
INV-2026-00073,Summit Financial,Enterprise,FleetManage Co,120527.89,2025-10-12,2025-12-11,,Outstanding,210,1,150
INV-2026-00074,Westfield Properties,Mid-Market,NetScale Partners,8668.84,2025-07-21,2025-09-04,2025-09-01,Paid,42,0,0
INV-2026-00075,Lumen Software,SMB,NetScale Partners,7211.03,2025-09-05,2025-10-05,2025-10-03,Paid,28,0,0
INV-2026-00076,Horizon Media,Mid-Market,InsightOps Ltd,30969.33,2025-06-29,2025-08-13,2025-08-09,Paid,41,0,0
INV-2026-00077,Meridian Pharma,Enterprise,CloudServe Inc,43478.72,2025-11-24,2026-01-23,2026-01-17,Paid,54,0,0
INV-2026-00078,Horizon Media,Mid-Market,TradeLedger Finance,30385.16,2025-10-13,2025-11-27,2025-11-21,Paid,39,0,0
INV-2026-00079,Frontier Tech,SMB,DataPipe Solutions,1203.87,2026-04-12,2026-05-12,2026-05-08,Paid,26,0,0
INV-2026-00080,Frontier Tech,SMB,PayFlow Technologies,8662.42,2025-01-06,2025-02-05,2025-02-01,Paid,26,0,0
INV-2026-00081,Horizon Media,Mid-Market,WorkCapital Hub,22256.73,2025-03-28,2025-05-12,2025-05-10,Paid,43,0,0
INV-2026-00082,Meridian Pharma,Enterprise,GreenLedger Systems,103063.1,2025-12-18,2026-02-16,2026-02-08,Paid,52,0,0
INV-2026-00083,Meridian Pharma,Enterprise,TradeLedger Finance,42957.79,2026-02-11,2026-04-12,,Outstanding,88,1,28
INV-2026-00084,Vertex Biotech,Enterprise,CloudServe Inc,76790.16,2026-02-02,2026-04-03,2026-03-24,Paid,50,0,0
INV-2026-00085,Summit Financial,Enterprise,FleetManage Co,157764.94,2026-03-18,2026-05-17,2026-05-07,Paid,50,0,0
INV-2026-00086,Pinnacle Insurance,Mid-Market,InsightOps Ltd,43337.17,2025-11-11,2025-12-26,2025-12-17,Paid,36,0,0
INV-2026-00087,Horizon Media,Mid-Market,PayFlow Technologies,20513.67,2026-01-06,2026-02-20,2026-04-06,Late,90,1,45
INV-2026-00088,Frontier Tech,SMB,WorkCapital Hub,2658.16,2025-12-29,2026-01-28,2026-01-23,Paid,25,0,0
INV-2026-00089,Northstar Wholesale,Mid-Market,SupplyChain Pro,22929.82,2026-02-12,2026-03-29,,Outstanding,87,1,42
INV-2026-00090,Brightline Retail,SMB,CloudServe Inc,2487.54,2025-07-08,2025-08-07,2025-08-07,Paid,30,0,0
INV-2026-00091,Pinnacle Insurance,Mid-Market,CloudServe Inc,24607.9,2025-03-21,2025-05-05,2025-04-25,Paid,35,0,0
INV-2026-00092,Granite Construction,Enterprise,SupplyChain Pro,128881.5,2026-02-20,2026-04-21,,Outstanding,79,1,19
INV-2026-00093,Juniper Consulting,Mid-Market,PayFlow Technologies,38779.15,2025-12-22,2026-02-05,2026-01-31,Paid,40,0,0
INV-2026-00094,Vertex Biotech,Enterprise,NetScale Partners,156792.52,2025-08-15,2025-10-14,2025-10-13,Paid,59,0,0
INV-2026-00095,Meridian Pharma,Enterprise,GreenLedger Systems,167187.34,2025-01-11,2025-03-12,2025-03-02,Paid,50,0,0
INV-2026-00096,Horizon Media,Mid-Market,NetScale Partners,42098.42,2025-02-27,2025-04-13,2025-04-04,Paid,36,0,0
INV-2026-00097,Orion Aerospace,Enterprise,PayFlow Technologies,133970.19,2024-11-19,2025-01-18,2025-01-16,Paid,58,0,0
INV-2026-00098,Vertex Biotech,Enterprise,CloudServe Inc,174297.74,2025-11-02,2026-01-01,2025-12-31,Paid,59,0,0
INV-2026-00099,Cascade Foods,Mid-Market,DataPipe Solutions,27124.15,2025-08-16,2025-09-30,2025-09-28,Paid,43,0,0
INV-2026-00100,Yellowstone Mining,Enterprise,FleetManage Co,141247.45,2025-02-07,2025-04-08,2025-05-04,Late,86,1,26
INV-2026-00101,Brightline Retail,SMB,FleetManage Co,11838.05,2025-08-17,2025-09-16,2025-09-14,Paid,28,0,0
INV-2026-00102,Keystone Energy,Enterprise,InsightOps Ltd,111096.57,2024-12-25,2025-02-23,2025-02-21,Paid,58,0,0
INV-2026-00103,Union Transport,Mid-Market,SupplyChain Pro,6947.94,2025-03-24,2025-05-08,2025-04-28,Paid,35,0,0
INV-2026-00104,Riverstone Hotels,Mid-Market,WorkCapital Hub,34577.26,2025-11-05,2025-12-20,2026-02-08,Late,95,1,50
INV-2026-00105,Frontier Tech,SMB,InsightOps Ltd,6563.85,2025-10-17,2025-11-16,2025-12-20,Late,64,1,34
INV-2026-00106,Riverstone Hotels,Mid-Market,TradeLedger Finance,14506.33,2026-03-14,2026-04-28,2026-04-26,Paid,43,0,0
INV-2026-00107,Westfield Properties,Mid-Market,DataPipe Solutions,20877.6,2025-04-26,2025-06-10,2025-06-09,Paid,44,0,0
INV-2026-00108,Quantum Analytics,SMB,FleetManage Co,8837.56,2024-12-31,2025-01-30,2025-01-27,Paid,27,0,0
INV-2026-00109,Terra Farms,SMB,NetScale Partners,7238.57,2025-06-24,2025-07-24,2025-07-22,Paid,28,0,0
INV-2026-00110,Brightline Retail,SMB,InsightOps Ltd,4892.24,2025-03-14,2025-04-13,,Outstanding,422,1,392
INV-2026-00111,Ironclad Security,SMB,InsightOps Ltd,5876.74,2025-03-05,2025-04-04,2025-04-24,Late,50,1,20
INV-2026-00112,Westfield Properties,Mid-Market,FleetManage Co,26634.27,2026-04-17,2026-06-01,,Outstanding,23,0,0
INV-2026-00113,Orion Aerospace,Enterprise,TradeLedger Finance,116565.44,2025-04-30,2025-06-29,2025-06-24,Paid,55,0,0
INV-2026-00114,Granite Construction,Enterprise,FleetManage Co,160518.73,2025-04-26,2025-06-25,2025-06-18,Paid,53,0,0
INV-2026-00115,Terra Farms,SMB,FleetManage Co,6134.08,2025-09-27,2025-10-27,2025-10-25,Paid,28,0,0
INV-2026-00116,Union Transport,Mid-Market,InsightOps Ltd,12407.17,2025-11-13,2025-12-28,2026-02-24,Late,103,1,58
INV-2026-00117,Quantum Analytics,SMB,WorkCapital Hub,5649.29,2025-05-07,2025-06-06,,Outstanding,368,1,338
INV-2026-00118,Xeno Packaging,SMB,InsightOps Ltd,1260.09,2026-04-18,2026-05-18,,Outstanding,22,0,0
INV-2026-00119,Granite Construction,Enterprise,CloudServe Inc,32898.87,2025-08-21,2025-10-20,2025-10-18,Paid,58,0,0
INV-2026-00120,Westfield Properties,Mid-Market,CloudServe Inc,17082.86,2025-11-28,2026-01-12,2026-01-03,Paid,36,0,0
INV-2026-00121,Horizon Media,Mid-Market,NetScale Partners,24580.08,2025-02-11,2025-03-28,2025-03-18,Paid,35,0,0
INV-2026-00122,Terra Farms,SMB,TradeLedger Finance,4411.89,2025-07-26,2025-08-25,2025-08-24,Paid,29,0,0
INV-2026-00123,Riverstone Hotels,Mid-Market,FleetManage Co,42215.38,2025-05-15,2025-06-29,,Outstanding,360,1,315
INV-2026-00124,Meridian Pharma,Enterprise,GreenLedger Systems,48320.37,2025-07-22,2025-09-20,,Outstanding,292,1,232
INV-2026-00125,Delta Manufacturing,Enterprise,WorkCapital Hub,54189.91,2024-11-27,2025-01-26,,Outstanding,529,1,469
INV-2026-00126,Delta Manufacturing,Enterprise,TradeLedger Finance,62454.03,2025-01-14,2025-03-15,2025-03-12,Paid,57,0,0
INV-2026-00127,Meridian Pharma,Enterprise,TradeLedger Finance,120963.46,2024-11-18,2025-01-17,2025-01-17,Paid,60,0,0
INV-2026-00128,Horizon Media,Mid-Market,DataPipe Solutions,44385.98,2025-09-12,2025-10-27,2025-10-21,Paid,39,0,0
INV-2026-00129,Horizon Media,Mid-Market,TradeLedger Finance,13654.23,2025-09-08,2025-10-23,2025-10-21,Paid,43,0,0
INV-2026-00130,Brightline Retail,SMB,CloudServe Inc,1013.18,2026-02-24,2026-03-26,,Outstanding,75,1,45
INV-2026-00131,Quantum Analytics,SMB,NetScale Partners,9072.1,2025-12-12,2026-01-11,2026-01-02,Paid,21,0,0
INV-2026-00132,Frontier Tech,SMB,WorkCapital Hub,8562.67,2025-01-23,2025-02-22,2025-02-13,Paid,21,0,0
INV-2026-00133,Granite Construction,Enterprise,TradeLedger Finance,178928.11,2024-11-18,2025-01-17,2025-03-09,Late,111,1,51
INV-2026-00134,Cascade Foods,Mid-Market,NetScale Partners,29871.68,2026-03-06,2026-04-20,,Outstanding,65,1,20
INV-2026-00135,Delta Manufacturing,Enterprise,CloudServe Inc,154618.0,2025-04-24,2025-06-23,,Outstanding,381,1,321
INV-2026-00136,Orion Aerospace,Enterprise,PayFlow Technologies,119669.37,2025-03-20,2025-05-19,2025-05-17,Paid,58,0,0
INV-2026-00137,Northstar Wholesale,Mid-Market,NetScale Partners,35336.89,2025-12-12,2026-01-26,2026-01-26,Paid,45,0,0
INV-2026-00138,Xeno Packaging,SMB,TradeLedger Finance,6626.58,2024-11-22,2024-12-22,2025-01-25,Late,64,1,34
INV-2026-00139,Quantum Analytics,SMB,DataPipe Solutions,2472.99,2025-06-17,2025-07-17,2025-08-17,Late,61,1,31
INV-2026-00140,Westfield Properties,Mid-Market,InsightOps Ltd,34339.8,2025-03-27,2025-05-11,2025-05-03,Paid,37,0,0
INV-2026-00141,Meridian Pharma,Enterprise,SupplyChain Pro,146358.82,2025-01-02,2025-03-03,2025-05-09,Late,127,1,67
INV-2026-00142,Westfield Properties,Mid-Market,InsightOps Ltd,8994.5,2025-11-28,2026-01-12,2026-01-11,Paid,44,0,0
INV-2026-00143,Acme Logistics,SMB,PayFlow Technologies,8856.3,2025-03-09,2025-04-08,2025-04-08,Paid,30,0,0
INV-2026-00144,Horizon Media,Mid-Market,NetScale Partners,21365.6,2025-05-22,2025-07-06,2025-07-02,Paid,41,0,0
INV-2026-00145,Lumen Software,SMB,GreenLedger Systems,5214.0,2024-12-22,2025-01-21,2025-01-30,Late,39,1,9
INV-2026-00146,Riverstone Hotels,Mid-Market,NetScale Partners,14743.87,2024-12-11,2025-01-25,2025-01-18,Paid,38,0,0
INV-2026-00147,Westfield Properties,Mid-Market,InsightOps Ltd,12430.65,2025-05-20,2025-07-04,2025-06-27,Paid,38,0,0
INV-2026-00148,Granite Construction,Enterprise,TradeLedger Finance,173696.51,2025-01-24,2025-03-25,2025-03-15,Paid,50,0,0
INV-2026-00149,Cascade Foods,Mid-Market,DataPipe Solutions,35592.14,2025-03-22,2025-05-06,2025-04-28,Paid,37,0,0
INV-2026-00150,Yellowstone Mining,Enterprise,CloudServe Inc,46358.0,2026-04-30,2026-06-29,,Outstanding,10,0,0
INV-2026-00151,Union Transport,Mid-Market,CloudServe Inc,26694.58,2026-02-15,2026-04-01,,Outstanding,84,1,39
INV-2026-00152,Granite Construction,Enterprise,InsightOps Ltd,138945.06,2025-02-10,2025-04-11,2025-04-10,Paid,59,0,0
INV-2026-00153,Cascade Foods,Mid-Market,TradeLedger Finance,13272.54,2025-12-31,2026-02-14,2026-02-06,Paid,37,0,0
INV-2026-00154,Summit Financial,Enterprise,InsightOps Ltd,156204.17,2025-01-09,2025-03-10,2025-02-28,Paid,50,0,0
INV-2026-00155,Evergreen Health,Mid-Market,NetScale Partners,39053.39,2025-03-28,2025-05-12,2025-05-07,Paid,40,0,0
INV-2026-00156,Riverstone Hotels,Mid-Market,SupplyChain Pro,11450.16,2025-03-30,2025-05-14,2025-05-04,Paid,35,0,0
INV-2026-00157,Ironclad Security,SMB,DataPipe Solutions,6733.15,2025-08-22,2025-09-21,2025-09-14,Paid,23,0,0
INV-2026-00158,Ironclad Security,SMB,CloudServe Inc,7009.47,2025-08-03,2025-09-02,2025-10-11,Late,69,1,39
INV-2026-00159,Juniper Consulting,Mid-Market,PayFlow Technologies,23600.57,2024-11-16,2024-12-31,2024-12-24,Paid,38,0,0
INV-2026-00160,Evergreen Health,Mid-Market,GreenLedger Systems,23750.37,2026-05-03,2026-06-17,,Outstanding,7,0,0
INV-2026-00161,Northstar Wholesale,Mid-Market,SupplyChain Pro,36778.28,2024-12-13,2025-01-27,2025-01-24,Paid,42,0,0
INV-2026-00162,Union Transport,Mid-Market,TradeLedger Finance,5092.35,2025-08-29,2025-10-13,2025-11-11,Late,74,1,29
INV-2026-00163,Brightline Retail,SMB,DataPipe Solutions,2506.06,2025-06-18,2025-07-18,2025-07-13,Paid,25,0,0
INV-2026-00164,Xeno Packaging,SMB,CloudServe Inc,5964.31,2025-10-31,2025-11-30,2025-11-23,Paid,23,0,0
INV-2026-00165,Lumen Software,SMB,NetScale Partners,2785.04,2025-10-13,2025-11-12,2025-11-12,Paid,30,0,0
INV-2026-00167,Juniper Consulting,Mid-Market,SupplyChain Pro,27472.76,2025-12-17,2026-01-31,2026-01-29,Paid,43,0,0
INV-2026-00168,Westfield Properties,Mid-Market,FleetManage Co,18694.5,2025-05-13,2025-06-27,2025-06-21,Paid,39,0,0
INV-2026-00169,Delta Manufacturing,Enterprise,TradeLedger Finance,126605.25,2026-02-05,2026-04-06,2026-04-15,Late,69,1,9
INV-2026-00170,Ironclad Security,SMB,DataPipe Solutions,10439.06,2026-01-24,2026-02-23,2026-02-15,Paid,22,0,0
INV-2026-00171,Delta Manufacturing,Enterprise,SupplyChain Pro,68945.72,2026-03-01,2026-04-30,2026-04-23,Paid,53,0,0
INV-2026-00172,Frontier Tech,SMB,GreenLedger Systems,11472.73,2026-04-18,2026-05-18,,Outstanding,22,0,0
INV-2026-00173,Pinnacle Insurance,Mid-Market,NetScale Partners,20987.05,2024-12-20,2025-02-03,2025-02-24,Late,66,1,21
INV-2026-00174,Keystone Energy,Enterprise,GreenLedger Systems,93811.15,2025-11-29,2026-01-28,2026-01-27,Paid,59,0,0
INV-2026-00175,Ironclad Security,SMB,InsightOps Ltd,7880.67,2026-02-21,2026-03-23,2026-04-16,Late,54,1,24
INV-2026-00176,Westfield Properties,Mid-Market,FleetManage Co,44128.18,2026-04-15,2026-05-30,,Outstanding,25,0,0
INV-2026-00177,Terra Farms,SMB,GreenLedger Systems,3490.53,2025-01-11,2025-02-10,2025-02-05,Paid,25,0,0
INV-2026-00178,Granite Construction,Enterprise,NetScale Partners,58922.77,2025-07-23,2025-09-21,2025-09-17,Paid,56,0,0
INV-2026-00179,Evergreen Health,Mid-Market,PayFlow Technologies,36900.43,2025-06-01,2025-07-16,2025-07-06,Paid,35,0,0
INV-2026-00180,Terra Farms,SMB,CloudServe Inc,11984.43,2025-10-08,2025-11-07,2025-11-13,Late,36,1,6
INV-2026-00181,Keystone Energy,Enterprise,FleetManage Co,147564.39,2025-10-23,2025-12-22,2025-12-12,Paid,50,0,0
INV-2026-00182,Quantum Analytics,SMB,PayFlow Technologies,5543.15,2025-01-15,2025-02-14,2025-02-07,Paid,23,0,0
INV-2026-00183,Terra Farms,SMB,GreenLedger Systems,1866.23,2024-11-28,2024-12-28,2024-12-28,Paid,30,0,0
INV-2026-00184,Horizon Media,Mid-Market,GreenLedger Systems,7056.77,2025-04-25,2025-06-09,2025-06-04,Paid,40,0,0
INV-2026-00185,Terra Farms,SMB,SupplyChain Pro,5466.66,2025-11-18,2025-12-18,2025-12-17,Paid,29,0,0
INV-2026-00186,Union Transport,Mid-Market,NetScale Partners,40162.75,2025-08-08,2025-09-22,2025-10-12,Late,65,1,20
INV-2026-00187,Horizon Media,Mid-Market,CloudServe Inc,5020.75,2024-12-22,2025-02-05,2025-01-27,Paid,36,0,0
INV-2026-00188,Ironclad Security,SMB,TradeLedger Finance,2681.61,2025-11-03,2025-12-03,2025-11-25,Paid,22,0,0
INV-2026-00189,Northstar Wholesale,Mid-Market,FleetManage Co,8710.24,2025-09-03,2025-10-18,2025-10-14,Paid,41,0,0
INV-2026-00190,Ironclad Security,SMB,FleetManage Co,9202.98,2025-12-27,2026-01-26,2026-02-14,Late,49,1,19
INV-2026-00191,Pinnacle Insurance,Mid-Market,DataPipe Solutions,9756.41,2025-03-08,2025-04-22,2025-04-13,Paid,36,0,0
INV-2026-00192,Brightline Retail,SMB,InsightOps Ltd,11892.35,2026-02-03,2026-03-05,2026-02-24,Paid,21,0,0
INV-2026-00193,Westfield Properties,Mid-Market,WorkCapital Hub,12692.03,2026-04-14,2026-05-29,,Outstanding,26,0,0
INV-2026-00194,Horizon Media,Mid-Market,InsightOps Ltd,27036.35,2025-04-01,2025-05-16,2025-05-14,Paid,43,0,0
INV-2026-00195,Acme Logistics,SMB,FleetManage Co,6245.35,2025-08-29,2025-09-28,2025-09-18,Paid,20,0,0
INV-2026-00196,Summit Financial,Enterprise,DataPipe Solutions,84732.27,2025-01-11,2025-03-12,2025-03-11,Paid,59,0,0
INV-2026-00197,Horizon Media,Mid-Market,NetScale Partners,7643.17,2025-07-17,2025-08-31,,Outstanding,297,1,252
INV-2026-00198,Acme Logistics,SMB,TradeLedger Finance,10770.96,2026-01-07,2026-02-06,2026-02-03,Paid,27,0,0
INV-2026-00199,Xeno Packaging,SMB,CloudServe Inc,7360.64,2025-07-30,2025-08-29,2025-08-19,Paid,20,0,0
INV-2026-00200,Frontier Tech,SMB,CloudServe Inc,5534.62,2026-03-12,2026-04-11,,Outstanding,59,1,29
INV-2026-00201,Brightline Retail,SMB,WorkCapital Hub,1419.03,2025-02-21,2025-03-23,2025-04-07,Late,45,1,15
INV-2026-00202,Pinnacle Insurance,Mid-Market,DataPipe Solutions,9613.06,2025-11-28,2026-01-12,2026-01-19,Late,52,1,7
INV-2026-00203,Vertex Biotech,Enterprise,FleetManage Co,106539.38,2026-04-19,2026-06-18,,Outstanding,21,0,0
INV-2026-00204,Keystone Energy,Enterprise,TradeLedger Finance,114413.45,2024-12-19,2025-02-17,2025-03-18,Late,89,1,29
INV-2026-00205,Yellowstone Mining,Enterprise,SupplyChain Pro,175487.13,2025-05-11,2025-07-10,2025-07-05,Paid,55,0,0
INV-2026-00206,Orion Aerospace,Enterprise,CloudServe Inc,54947.29,2025-07-27,2025-09-25,2025-09-16,Paid,51,0,0
INV-2026-00207,Orion Aerospace,Enterprise,TradeLedger Finance,91885.45,2025-09-23,2025-11-22,2025-11-15,Paid,53,0,0
INV-2026-00208,Xeno Packaging,SMB,FleetManage Co,5851.72,2025-12-15,2026-01-14,2026-01-08,Paid,24,0,0
INV-2026-00209,Quantum Analytics,SMB,GreenLedger Systems,4672.19,2025-05-24,2025-06-23,2025-07-18,Late,55,1,25
INV-2026-00210,Evergreen Health,Mid-Market,NetScale Partners,13581.56,2025-08-13,2025-09-27,2025-09-24,Paid,42,0,0
INV-2026-00211,Granite Construction,Enterprise,PayFlow Technologies,128686.89,2026-02-05,2026-04-06,,Outstanding,94,1,34
INV-2026-00212,Xeno Packaging,SMB,WorkCapital Hub,851.73,2025-06-15,2025-07-15,,Outstanding,329,1,299
INV-2026-00213,Riverstone Hotels,Mid-Market,FleetManage Co,34738.4,2026-03-24,2026-05-08,2026-05-04,Paid,41,0,0
INV-2026-00214,Lumen Software,SMB,FleetManage Co,10642.15,2024-11-18,2024-12-18,2024-12-08,Paid,20,0,0
INV-2026-00215,Quantum Analytics,SMB,TradeLedger Finance,11612.66,2025-02-04,2025-03-06,2025-03-01,Paid,25,0,0
INV-2026-00216,Evergreen Health,Mid-Market,NetScale Partners,9044.25,2025-10-02,2025-11-16,2025-11-08,Paid,37,0,0
INV-2026-00217,Pinnacle Insurance,Mid-Market,DataPipe Solutions,21999.18,2026-04-30,2026-06-14,,Outstanding,10,0,0
INV-2026-00218,Westfield Properties,Mid-Market,FleetManage Co,39973.37,2024-12-23,2025-02-06,,Outstanding,503,1,458
INV-2026-00219,Xeno Packaging,SMB,GreenLedger Systems,8529.42,2025-08-24,2025-09-23,2025-09-14,Paid,21,0,0
INV-2026-00220,Terra Farms,SMB,DataPipe Solutions,5971.34,2025-10-16,2025-11-15,2025-12-05,Late,50,1,20
INV-2026-00221,Orion Aerospace,Enterprise,TradeLedger Finance,40005.57,2025-02-25,2025-04-26,2025-04-18,Paid,52,0,0
INV-2026-00222,Keystone Energy,Enterprise,InsightOps Ltd,126008.77,2026-04-26,2026-06-25,,Outstanding,14,0,0
INV-2026-00223,Delta Manufacturing,Enterprise,CloudServe Inc,107863.12,2025-07-06,2025-09-04,2025-09-01,Paid,57,0,0
INV-2026-00224,Frontier Tech,SMB,GreenLedger Systems,10913.48,2025-12-02,2026-01-01,,Outstanding,159,1,129
INV-2026-00225,Xeno Packaging,SMB,SupplyChain Pro,1470.03,2026-01-01,2026-01-31,2026-03-09,Late,67,1,37
INV-2026-00226,Northstar Wholesale,Mid-Market,DataPipe Solutions,20889.33,2024-12-23,2025-02-06,2025-04-06,Late,104,1,59
INV-2026-00227,Yellowstone Mining,Enterprise,PayFlow Technologies,69337.33,2025-04-20,2025-06-19,2025-07-17,Late,88,1,28
INV-2026-00228,Vertex Biotech,Enterprise,SupplyChain Pro,155533.97,2025-12-03,2026-02-01,2026-02-01,Paid,60,0,0
INV-2026-00229,Horizon Media,Mid-Market,InsightOps Ltd,40956.86,2025-09-06,2025-10-21,2025-10-19,Paid,43,0,0
INV-2026-00230,Lumen Software,SMB,CloudServe Inc,4849.91,2025-07-20,2025-08-19,2025-09-20,Late,62,1,32
INV-2026-00231,Orion Aerospace,Enterprise,DataPipe Solutions,169256.1,2026-01-11,2026-03-12,2026-04-10,Late,89,1,29
INV-2026-00232,Vertex Biotech,Enterprise,NetScale Partners,170107.42,2026-01-31,2026-04-01,2026-03-24,Paid,52,0,0
INV-2026-00233,Brightline Retail,SMB,FleetManage Co,2985.39,2025-05-26,2025-06-25,2025-06-16,Paid,21,0,0
INV-2026-00234,Northstar Wholesale,Mid-Market,PayFlow Technologies,37023.34,2025-11-07,2025-12-22,2025-12-18,Paid,41,0,0
INV-2026-00235,Xeno Packaging,SMB,TradeLedger Finance,3330.4,2025-01-23,2025-02-22,2025-02-15,Paid,23,0,0
INV-2026-00236,Juniper Consulting,Mid-Market,DataPipe Solutions,12312.35,2025-05-10,2025-06-24,2025-06-22,Paid,43,0,0
INV-2026-00237,Quantum Analytics,SMB,SupplyChain Pro,8885.36,2025-02-11,2025-03-13,2025-03-07,Paid,24,0,0
INV-2026-00238,Evergreen Health,Mid-Market,FleetManage Co,25781.98,2026-02-02,2026-03-19,2026-03-10,Paid,36,0,0
INV-2026-00239,Yellowstone Mining,Enterprise,InsightOps Ltd,90373.74,2025-01-08,2025-03-09,,Outstanding,487,1,427
INV-2026-00240,Summit Financial,Enterprise,NetScale Partners,123829.39,2025-10-02,2025-12-01,,Outstanding,220,1,160
INV-2026-00241,Yellowstone Mining,Enterprise,InsightOps Ltd,98711.98,2024-11-25,2025-01-24,,Outstanding,531,1,471
INV-2026-00242,Union Transport,Mid-Market,TradeLedger Finance,36270.28,2026-02-02,2026-03-19,2026-03-11,Paid,37,0,0
INV-2026-00243,Terra Farms,SMB,GreenLedger Systems,8220.33,2025-10-22,2025-11-21,2025-11-18,Paid,27,0,0
INV-2026-00244,Orion Aerospace,Enterprise,GreenLedger Systems,96254.97,2025-06-03,2025-08-02,2025-07-28,Paid,55,0,0
INV-2026-00245,Delta Manufacturing,Enterprise,NetScale Partners,140826.82,2025-06-12,2025-08-11,2025-08-03,Paid,52,0,0
INV-2026-00246,Cascade Foods,Mid-Market,DataPipe Solutions,12906.68,2025-01-08,2025-02-22,2025-02-22,Paid,45,0,0
INV-2026-00247,Westfield Properties,Mid-Market,TradeLedger Finance,12007.22,2025-12-13,2026-01-27,2026-01-25,Paid,43,0,0
INV-2026-00248,Delta Manufacturing,Enterprise,DataPipe Solutions,44727.81,2025-06-14,2025-08-13,2025-08-06,Paid,53,0,0
INV-2026-00249,Brightline Retail,SMB,FleetManage Co,9928.82,2025-08-02,2025-09-01,2025-08-25,Paid,23,0,0
INV-2026-00250,Ironclad Security,SMB,SupplyChain Pro,6035.83,2025-05-29,2025-06-28,2025-08-08,Late,71,1,41
INV-2026-00251,Evergreen Health,Mid-Market,GreenLedger Systems,10235.61,2025-05-04,2025-06-18,2025-06-17,Paid,44,0,0
INV-2026-00252,Westfield Properties,Mid-Market,TradeLedger Finance,42200.13,2025-03-23,2025-05-07,2025-04-27,Paid,35,0,0
INV-2026-00253,Pinnacle Insurance,Mid-Market,InsightOps Ltd,40591.18,2026-05-09,2026-06-23,,Outstanding,1,0,0
INV-2026-00254,Terra Farms,SMB,NetScale Partners,6144.65,2024-12-29,2025-01-28,2025-01-22,Paid,24,0,0
INV-2026-00255,Terra Farms,SMB,TradeLedger Finance,2016.96,2025-09-10,2025-10-10,2025-09-30,Paid,20,0,0
INV-2026-00256,Terra Farms,SMB,PayFlow Technologies,5298.61,2025-01-19,2025-02-18,2025-02-17,Paid,29,0,0
INV-2026-00257,Xeno Packaging,SMB,SupplyChain Pro,4118.56,2025-07-07,2025-08-06,2025-08-22,Late,46,1,16
INV-2026-00258,Brightline Retail,SMB,SupplyChain Pro,10142.15,2025-10-21,2025-11-20,2026-01-01,Late,72,1,42
INV-2026-00259,Evergreen Health,Mid-Market,WorkCapital Hub,41531.41,2025-03-17,2025-05-01,2025-04-29,Paid,43,0,0
INV-2026-00260,Union Transport,Mid-Market,WorkCapital Hub,43580.76,2025-06-30,2025-08-14,2025-08-06,Paid,37,0,0
INV-2026-00261,Keystone Energy,Enterprise,TradeLedger Finance,144636.65,2025-11-28,2026-01-27,2026-01-19,Paid,52,0,0
INV-2026-00262,Frontier Tech,SMB,CloudServe Inc,11933.67,2025-11-16,2025-12-16,,Outstanding,175,1,145
INV-2026-00263,Frontier Tech,SMB,SupplyChain Pro,9871.34,2025-03-08,2025-04-07,2025-03-31,Paid,23,0,0
INV-2026-00264,Delta Manufacturing,Enterprise,TradeLedger Finance,55301.85,2025-06-04,2025-08-03,2025-08-01,Paid,58,0,0
INV-2026-00265,Northstar Wholesale,Mid-Market,WorkCapital Hub,44319.49,2025-10-28,2025-12-12,2025-12-04,Paid,37,0,0
INV-2026-00266,Brightline Retail,SMB,FleetManage Co,9251.22,2025-03-28,2025-04-27,2025-04-18,Paid,21,0,0
INV-2026-00267,Evergreen Health,Mid-Market,TradeLedger Finance,16577.19,2025-02-24,2025-04-10,2025-04-05,Paid,40,0,0
INV-2026-00268,Pinnacle Insurance,Mid-Market,InsightOps Ltd,15189.13,2025-04-08,2025-05-23,2025-05-18,Paid,40,0,0
INV-2026-00269,Xeno Packaging,SMB,DataPipe Solutions,2613.75,2025-10-23,2025-11-22,2025-11-16,Paid,24,0,0
INV-2026-00270,Frontier Tech,SMB,NetScale Partners,10515.14,2024-12-25,2025-01-24,2025-01-16,Paid,22,0,0
INV-2026-00271,Summit Financial,Enterprise,CloudServe Inc,170469.28,2025-10-07,2025-12-06,2025-11-27,Paid,51,0,0
INV-2026-00272,Vertex Biotech,Enterprise,InsightOps Ltd,152178.42,2025-02-25,2025-04-26,2025-04-21,Paid,55,0,0
INV-2026-00273,Cascade Foods,Mid-Market,TradeLedger Finance,25211.08,2026-05-02,2026-06-16,,Outstanding,8,0,0
INV-2026-00274,Terra Farms,SMB,SupplyChain Pro,9049.06,2026-04-18,2026-05-18,,Outstanding,22,0,0
INV-2026-00275,Evergreen Health,Mid-Market,PayFlow Technologies,41714.4,2026-01-19,2026-03-05,2026-02-26,Paid,38,0,0
INV-2026-00276,Quantum Analytics,SMB,PayFlow Technologies,10606.04,2025-03-15,2025-04-14,2025-04-05,Paid,21,0,0
INV-2026-00277,Juniper Consulting,Mid-Market,FleetManage Co,17052.81,2025-10-11,2025-11-25,2025-11-25,Paid,45,0,0
INV-2026-00278,Pinnacle Insurance,Mid-Market,GreenLedger Systems,5978.03,2025-04-23,2025-06-07,2025-06-04,Paid,42,0,0
INV-2026-00279,Orion Aerospace,Enterprise,TradeLedger Finance,78982.76,2025-10-08,2025-12-07,2026-01-21,Late,105,1,45
INV-2026-00280,Juniper Consulting,Mid-Market,FleetManage Co,34988.23,2025-06-28,2025-08-12,2025-08-12,Paid,45,0,0
INV-2026-00281,Summit Financial,Enterprise,SupplyChain Pro,107350.38,2025-12-17,2026-02-15,2026-02-14,Paid,59,0,0
INV-2026-00282,Frontier Tech,SMB,InsightOps Ltd,7918.28,2024-11-30,2024-12-30,2024-12-21,Paid,21,0,0
INV-2026-00283,Delta Manufacturing,Enterprise,GreenLedger Systems,56237.92,2025-07-16,2025-09-14,2025-09-04,Paid,50,0,0
INV-2026-00284,Yellowstone Mining,Enterprise,GreenLedger Systems,175713.67,2025-09-24,2025-11-23,2025-11-22,Paid,59,0,0
INV-2026-00285,Union Transport,Mid-Market,WorkCapital Hub,8600.06,2025-02-15,2025-04-01,2025-04-05,Late,49,1,4
INV-2026-00286,Cascade Foods,Mid-Market,PayFlow Technologies,38090.18,2024-12-25,2025-02-08,2025-01-29,Paid,35,0,0
INV-2026-00287,Keystone Energy,Enterprise,GreenLedger Systems,105929.39,2026-03-07,2026-05-06,2026-05-03,Paid,57,0,0
INV-2026-00288,Evergreen Health,Mid-Market,FleetManage Co,36862.87,2025-07-26,2025-09-09,2025-09-07,Paid,43,0,0
INV-2026-00289,Terra Farms,SMB,SupplyChain Pro,8483.76,2026-02-13,2026-03-15,2026-04-23,Late,69,1,39
INV-2026-00290,Frontier Tech,SMB,NetScale Partners,8515.7,2025-05-01,2025-05-31,2025-05-31,Paid,30,0,0
INV-2026-00291,Granite Construction,Enterprise,DataPipe Solutions,121388.61,2025-04-21,2025-06-20,2025-06-20,Paid,60,0,0
INV-2026-00292,Ironclad Security,SMB,SupplyChain Pro,8444.99,2025-11-25,2025-12-25,,Outstanding,166,1,136
INV-2026-00293,Lumen Software,SMB,SupplyChain Pro,3290.52,2024-12-13,2025-01-12,2025-01-06,Paid,24,0,0
INV-2026-00294,Frontier Tech,SMB,CloudServe Inc,9316.72,2026-02-15,2026-03-17,2026-03-16,Paid,29,0,0
INV-2026-00295,Pinnacle Insurance,Mid-Market,DataPipe Solutions,26146.3,2025-12-10,2026-01-24,2026-01-24,Paid,45,0,0
INV-2026-00296,Brightline Retail,SMB,WorkCapital Hub,11122.87,2025-06-25,2025-07-25,2025-07-20,Paid,25,0,0
INV-2026-00297,Yellowstone Mining,Enterprise,PayFlow Technologies,58622.0,2025-08-20,2025-10-19,2025-11-29,Late,101,1,41
INV-2026-00298,Keystone Energy,Enterprise,DataPipe Solutions,29983.11,2025-06-01,2025-07-31,2025-10-08,Late,129,1,69
INV-2026-00299,Xeno Packaging,SMB,FleetManage Co,4453.87,2026-04-22,2026-05-22,,Outstanding,18,0,0
INV-2026-00300,Summit Financial,Enterprise,FleetManage Co,142194.44,2025-03-20,2025-05-19,2025-05-17,Paid,58,0,0
INV-2026-00301,Summit Financial,Enterprise,WorkCapital Hub,65745.06,2025-04-19,2025-06-18,2025-06-08,Paid,50,0,0
INV-2026-00302,Cascade Foods,Mid-Market,NetScale Partners,39398.82,2025-08-27,2025-10-11,2025-10-05,Paid,39,0,0
INV-2026-00303,Quantum Analytics,SMB,WorkCapital Hub,5725.86,2026-02-08,2026-03-10,2026-03-10,Paid,30,0,0
INV-2026-00304,Orion Aerospace,Enterprise,NetScale Partners,74731.76,2026-01-21,2026-03-22,2026-03-13,Paid,51,0,0
INV-2026-00305,Orion Aerospace,Enterprise,DataPipe Solutions,141121.99,2025-10-25,2025-12-24,2025-12-19,Paid,55,0,0
INV-2026-00306,Keystone Energy,Enterprise,WorkCapital Hub,142697.87,2026-05-02,2026-07-01,,Outstanding,8,0,0
INV-2026-00307,Horizon Media,Mid-Market,DataPipe Solutions,16001.24,2025-01-15,2025-03-01,,Outstanding,480,1,435
INV-2026-00308,Acme Logistics,SMB,PayFlow Technologies,1043.3,2024-12-15,2025-01-14,2025-01-09,Paid,25,0,0
INV-2026-00309,Frontier Tech,SMB,CloudServe Inc,1604.13,2025-07-14,2025-08-13,2025-08-04,Paid,21,0,0
INV-2026-00310,Northstar Wholesale,Mid-Market,DataPipe Solutions,13111.62,2025-05-17,2025-07-01,2025-06-27,Paid,41,0,0
INV-2026-00311,Orion Aerospace,Enterprise,SupplyChain Pro,71542.15,2026-04-18,2026-06-17,,Outstanding,22,0,0
INV-2026-00312,Frontier Tech,SMB,CloudServe Inc,8767.78,2025-12-17,2026-01-16,,Outstanding,144,1,114
INV-2026-00313,Ironclad Security,SMB,SupplyChain Pro,7636.53,2025-07-11,2025-08-10,2025-08-02,Paid,22,0,0
INV-2026-00314,Brightline Retail,SMB,FleetManage Co,7558.15,2025-01-10,2025-02-09,2025-03-20,Late,69,1,39
INV-2026-00315,Orion Aerospace,Enterprise,FleetManage Co,52383.38,2025-07-19,2025-09-17,2025-09-11,Paid,54,0,0
INV-2026-00316,Pinnacle Insurance,Mid-Market,SupplyChain Pro,41998.5,2026-04-01,2026-05-16,,Outstanding,39,0,0
INV-2026-00317,Riverstone Hotels,Mid-Market,WorkCapital Hub,8126.25,2025-03-21,2025-05-05,2025-05-05,Paid,45,0,0
INV-2026-00318,Pinnacle Insurance,Mid-Market,SupplyChain Pro,11143.19,2025-08-02,2025-09-16,2025-10-13,Late,72,1,27
INV-2026-00319,Summit Financial,Enterprise,DataPipe Solutions,104023.71,2025-02-23,2025-04-24,2025-04-23,Paid,59,0,0
INV-2026-00320,Summit Financial,Enterprise,NetScale Partners,59034.84,2024-11-28,2025-01-27,2025-01-21,Paid,54,0,0
INV-2026-00321,Summit Financial,Enterprise,WorkCapital Hub,157016.94,2025-03-12,2025-05-11,2025-05-06,Paid,55,0,0
INV-2026-00322,Delta Manufacturing,Enterprise,PayFlow Technologies,178033.46,2025-04-04,2025-06-03,2025-08-02,Late,120,1,60
INV-2026-00323,Vertex Biotech,Enterprise,GreenLedger Systems,98672.37,2025-05-18,2025-07-17,2025-07-12,Paid,55,0,0
INV-2026-00324,Acme Logistics,SMB,PayFlow Technologies,10238.6,2026-02-15,2026-03-17,2026-03-09,Paid,22,0,0
INV-2026-00325,Evergreen Health,Mid-Market,NetScale Partners,11107.61,2025-11-23,2026-01-07,2026-02-08,Late,77,1,32
INV-2026-00326,Horizon Media,Mid-Market,InsightOps Ltd,21574.15,2025-07-19,2025-09-02,2025-08-24,Paid,36,0,0
INV-2026-00327,Acme Logistics,SMB,InsightOps Ltd,8094.95,2025-11-21,2025-12-21,2026-01-18,Late,58,1,28
INV-2026-00328,Granite Construction,Enterprise,FleetManage Co,150596.9,2025-05-16,2025-07-15,2025-07-10,Paid,55,0,0
INV-2026-00329,Orion Aerospace,Enterprise,CloudServe Inc,78448.85,2025-02-02,2025-04-03,2025-04-05,Late,62,1,2
INV-2026-00330,Terra Farms,SMB,SupplyChain Pro,7535.37,2026-02-09,2026-03-11,2026-03-11,Paid,30,0,0
INV-2026-00331,Terra Farms,SMB,CloudServe Inc,6926.26,2025-12-19,2026-01-18,2026-01-08,Paid,20,0,0
INV-2026-00332,Yellowstone Mining,Enterprise,DataPipe Solutions,155611.47,2025-02-26,2025-04-27,2025-04-17,Paid,50,0,0
INV-2026-00333,Yellowstone Mining,Enterprise,SupplyChain Pro,33016.83,2025-04-22,2025-06-21,2025-06-16,Paid,55,0,0
INV-2026-00334,Meridian Pharma,Enterprise,WorkCapital Hub,169166.36,2024-12-10,2025-02-08,2025-01-29,Paid,50,0,0
INV-2026-00335,Granite Construction,Enterprise,NetScale Partners,68320.54,2025-08-15,2025-10-14,2025-10-07,Paid,53,0,0
INV-2026-00336,Westfield Properties,Mid-Market,FleetManage Co,17056.03,2026-04-27,2026-06-11,,Outstanding,13,0,0
INV-2026-00337,Riverstone Hotels,Mid-Market,GreenLedger Systems,31992.51,2025-11-18,2026-01-02,2025-12-27,Paid,39,0,0
INV-2026-00338,Horizon Media,Mid-Market,FleetManage Co,19451.96,2025-12-08,2026-01-22,2026-01-14,Paid,37,0,0
INV-2026-00339,Brightline Retail,SMB,FleetManage Co,1236.57,2026-03-17,2026-04-16,,Outstanding,54,1,24
INV-2026-00340,Quantum Analytics,SMB,SupplyChain Pro,9837.78,2025-12-24,2026-01-23,2026-01-14,Paid,21,0,0
INV-2026-00341,Keystone Energy,Enterprise,NetScale Partners,77938.43,2025-12-06,2026-02-04,2026-02-03,Paid,59,0,0
INV-2026-00342,Terra Farms,SMB,CloudServe Inc,958.2,2025-02-20,2025-03-22,2025-03-14,Paid,22,0,0
INV-2026-00343,Xeno Packaging,SMB,GreenLedger Systems,3867.75,2025-01-13,2025-02-12,,Outstanding,482,1,452
INV-2026-00344,Granite Construction,Enterprise,GreenLedger Systems,84701.0,2025-04-12,2025-06-11,2025-06-03,Paid,52,0,0
INV-2026-00345,Cascade Foods,Mid-Market,CloudServe Inc,35265.98,2025-10-08,2025-11-22,2025-11-12,Paid,35,0,0
INV-2026-00346,Meridian Pharma,Enterprise,InsightOps Ltd,144960.61,2026-01-21,2026-03-22,2026-03-17,Paid,55,0,0
INV-2026-00347,Westfield Properties,Mid-Market,PayFlow Technologies,44770.77,2025-05-01,2025-06-15,2025-07-03,Late,63,1,18
INV-2026-00348,Delta Manufacturing,Enterprise,CloudServe Inc,148879.55,2024-12-04,2025-02-02,2025-01-26,Paid,53,0,0
INV-2026-00349,Summit Financial,Enterprise,GreenLedger Systems,31580.98,2025-04-13,2025-06-12,2025-06-12,Paid,60,0,0
INV-2026-00350,Vertex Biotech,Enterprise,FleetManage Co,75810.2,2025-04-10,2025-06-09,2025-06-04,Paid,55,0,0
INV-2026-00351,Juniper Consulting,Mid-Market,TradeLedger Finance,19077.2,2025-08-14,2025-09-28,2025-09-23,Paid,40,0,0
INV-2026-00352,Yellowstone Mining,Enterprise,GreenLedger Systems,51346.67,2025-02-13,2025-04-14,2025-04-05,Paid,51,0,0
INV-2026-00353,Granite Construction,Enterprise,GreenLedger Systems,112398.67,2025-02-13,2025-04-14,2025-07-06,Late,143,1,83
INV-2026-00354,Orion Aerospace,Enterprise,GreenLedger Systems,104397.66,2025-02-21,2025-04-22,2025-04-20,Paid,58,0,0
INV-2026-00355,Cascade Foods,Mid-Market,InsightOps Ltd,17930.64,2026-04-06,2026-05-21,,Outstanding,34,0,0
INV-2026-00356,Lumen Software,SMB,InsightOps Ltd,11997.37,2025-02-08,2025-03-10,2025-03-02,Paid,22,0,0
INV-2026-00357,Terra Farms,SMB,GreenLedger Systems,2077.01,2026-03-29,2026-04-28,2026-04-21,Paid,23,0,0
INV-2026-00358,Ironclad Security,SMB,FleetManage Co,5461.01,2025-05-26,2025-06-25,2025-06-24,Paid,29,0,0
INV-2026-00359,Lumen Software,SMB,PayFlow Technologies,1234.01,2025-12-01,2025-12-31,2025-12-27,Paid,26,0,0
INV-2026-00360,Lumen Software,SMB,FleetManage Co,4385.8,2025-12-25,2026-01-24,2026-01-19,Paid,25,0,0
INV-2026-00361,Union Transport,Mid-Market,FleetManage Co,15181.97,2024-12-18,2025-02-01,2025-03-18,Late,90,1,45
INV-2026-00362,Horizon Media,Mid-Market,GreenLedger Systems,18815.34,2025-10-20,2025-12-04,2025-11-24,Paid,35,0,0
INV-2026-00363,Horizon Media,Mid-Market,CloudServe Inc,32932.74,2025-05-24,2025-07-08,2025-06-28,Paid,35,0,0
INV-2026-00364,Cascade Foods,Mid-Market,TradeLedger Finance,35060.78,2025-07-13,2025-08-27,2025-08-23,Paid,41,0,0
INV-2026-00365,Vertex Biotech,Enterprise,CloudServe Inc,141958.4,2025-10-05,2025-12-04,2025-11-30,Paid,56,0,0
INV-2026-00366,Acme Logistics,SMB,CloudServe Inc,10435.87,2025-01-08,2025-02-07,2025-02-03,Paid,26,0,0
INV-2026-00367,Evergreen Health,Mid-Market,GreenLedger Systems,13174.38,2026-03-15,2026-04-29,,Outstanding,56,1,11
INV-2026-00368,Meridian Pharma,Enterprise,SupplyChain Pro,55968.21,2026-03-10,2026-05-09,2026-04-30,Paid,51,0,0
INV-2026-00369,Orion Aerospace,Enterprise,CloudServe Inc,71364.4,2025-10-11,2025-12-10,,Outstanding,211,1,151
INV-2026-00370,Summit Financial,Enterprise,FleetManage Co,138071.74,2025-10-15,2025-12-14,2025-12-04,Paid,50,0,0
INV-2026-00371,Lumen Software,SMB,FleetManage Co,4436.01,2025-03-25,2025-04-24,2025-04-19,Paid,25,0,0
INV-2026-00372,Orion Aerospace,Enterprise,FleetManage Co,84625.94,2026-03-15,2026-05-14,2026-05-05,Paid,51,0,0
INV-2026-00373,Granite Construction,Enterprise,FleetManage Co,35381.59,2025-08-10,2025-10-09,2025-11-05,Late,87,1,27
INV-2026-00374,Juniper Consulting,Mid-Market,NetScale Partners,12924.71,2026-05-02,2026-06-16,,Outstanding,8,0,0
INV-2026-00375,Delta Manufacturing,Enterprise,NetScale Partners,131913.09,2025-04-30,2025-06-29,2025-06-20,Paid,51,0,0
INV-2026-00376,Orion Aerospace,Enterprise,CloudServe Inc,35716.42,2025-11-03,2026-01-02,2025-12-23,Paid,50,0,0
INV-2026-00377,Summit Financial,Enterprise,TradeLedger Finance,154507.18,2024-11-16,2025-01-15,2025-01-21,Late,66,1,6
INV-2026-00378,Brightline Retail,SMB,TradeLedger Finance,6940.66,2025-09-05,2025-10-05,2025-10-04,Paid,29,0,0
INV-2026-00379,Meridian Pharma,Enterprise,FleetManage Co,48270.08,2024-12-01,2025-01-30,2025-03-16,Late,105,1,45
INV-2026-00380,Lumen Software,SMB,CloudServe Inc,8474.4,2025-01-08,2025-02-07,2025-02-06,Paid,29,0,0
INV-2026-00381,Juniper Consulting,Mid-Market,TradeLedger Finance,18075.93,2025-05-23,2025-07-07,2025-07-02,Paid,40,0,0
INV-2026-00382,Juniper Consulting,Mid-Market,WorkCapital Hub,29084.78,2024-12-07,2025-01-21,2025-01-12,Paid,36,0,0
INV-2026-00383,Vertex Biotech,Enterprise,FleetManage Co,26335.67,2025-01-07,2025-03-08,,Outstanding,488,1,428
INV-2026-00384,Horizon Media,Mid-Market,TradeLedger Finance,7874.49,2025-04-10,2025-05-25,2025-05-15,Paid,35,0,0
INV-2026-00385,Ironclad Security,SMB,NetScale Partners,11901.94,2025-09-15,2025-10-15,2025-10-16,Late,31,1,1
INV-2026-00386,Delta Manufacturing,Enterprise,GreenLedger Systems,147801.98,2025-06-15,2025-08-14,2025-08-10,Paid,56,0,0
INV-2026-00387,Union Transport,Mid-Market,NetScale Partners,16896.48,2025-03-05,2025-04-19,2025-04-11,Paid,37,0,0
INV-2026-00388,Riverstone Hotels,Mid-Market,GreenLedger Systems,26497.5,2026-03-21,2026-05-05,,Outstanding,50,1,5
INV-2026-00389,Frontier Tech,SMB,SupplyChain Pro,11232.37,2026-04-27,2026-05-27,,Outstanding,13,0,0
INV-2026-00390,Terra Farms,SMB,SupplyChain Pro,1568.55,2025-01-07,2025-02-06,2025-01-29,Paid,22,0,0
INV-2026-00391,Brightline Retail,SMB,WorkCapital Hub,7365.17,2026-02-06,2026-03-08,2026-02-28,Paid,22,0,0
INV-2026-00392,Brightline Retail,SMB,DataPipe Solutions,5695.83,2025-09-29,2025-10-29,2025-10-24,Paid,25,0,0
INV-2026-00393,Acme Logistics,SMB,InsightOps Ltd,6191.4,2025-03-05,2025-04-04,2025-04-26,Late,52,1,22
INV-2026-00394,Vertex Biotech,Enterprise,SupplyChain Pro,126886.76,2025-09-26,2025-11-25,2025-11-18,Paid,53,0,0
INV-2026-00395,Terra Farms,SMB,NetScale Partners,7589.4,2025-10-19,2025-11-18,2025-11-17,Paid,29,0,0
INV-2026-00396,Yellowstone Mining,Enterprise,SupplyChain Pro,39013.25,2026-03-02,2026-05-01,2026-04-21,Paid,50,0,0
INV-2026-00397,Westfield Properties,Mid-Market,TradeLedger Finance,28654.5,2026-02-05,2026-03-22,2026-03-21,Paid,44,0,0
INV-2026-00398,Acme Logistics,SMB,SupplyChain Pro,4924.2,2025-12-11,2026-01-10,,Outstanding,150,1,120
INV-2026-00399,Delta Manufacturing,Enterprise,WorkCapital Hub,171342.27,2025-06-06,2025-08-05,2025-08-23,Late,78,1,18
INV-2026-00400,Cascade Foods,Mid-Market,NetScale Partners,20333.71,2025-03-17,2025-05-01,2025-04-24,Paid,38,0,0
INV-2026-00401,Cascade Foods,Mid-Market,NetScale Partners,7037.76,2025-10-10,2025-11-24,2025-11-21,Paid,42,0,0
INV-2026-00402,Yellowstone Mining,Enterprise,PayFlow Technologies,152014.87,2025-09-10,2025-11-09,2026-01-04,Late,116,1,56
INV-2026-00403,Terra Farms,SMB,WorkCapital Hub,3904.62,2026-04-13,2026-05-13,2026-05-10,Paid,27,0,0
INV-2026-00404,Brightline Retail,SMB,CloudServe Inc,5981.12,2025-08-30,2025-09-29,2025-10-11,Late,42,1,12
INV-2026-00405,Riverstone Hotels,Mid-Market,GreenLedger Systems,26944.56,2025-05-29,2025-07-13,2025-07-23,Late,55,1,10
INV-2026-00406,Orion Aerospace,Enterprise,CloudServe Inc,166391.83,2026-01-26,2026-03-27,2026-03-21,Paid,54,0,0
INV-2026-00407,Westfield Properties,Mid-Market,NetScale Partners,29805.87,2026-04-11,2026-05-26,,Outstanding,29,0,0
INV-2026-00408,Acme Logistics,SMB,TradeLedger Finance,9552.42,2024-12-05,2025-01-04,2025-02-16,Late,73,1,43
INV-2026-00409,Meridian Pharma,Enterprise,TradeLedger Finance,77656.14,2025-05-05,2025-07-04,2025-06-29,Paid,55,0,0
INV-2026-00410,Juniper Consulting,Mid-Market,FleetManage Co,17786.62,2024-12-11,2025-01-25,2025-01-25,Paid,45,0,0
INV-2026-00411,Meridian Pharma,Enterprise,FleetManage Co,132379.59,2025-10-29,2025-12-28,,Outstanding,193,1,133
INV-2026-00412,Granite Construction,Enterprise,FleetManage Co,120738.77,2025-04-02,2025-06-01,2025-05-27,Paid,55,0,0
INV-2026-00413,Meridian Pharma,Enterprise,CloudServe Inc,31394.22,2025-11-16,2026-01-15,2026-01-11,Paid,56,0,0
INV-2026-00414,Yellowstone Mining,Enterprise,DataPipe Solutions,141406.36,2025-06-07,2025-08-06,2025-07-27,Paid,50,0,0
INV-2026-00415,Pinnacle Insurance,Mid-Market,FleetManage Co,9891.58,2025-04-06,2025-05-21,2025-07-05,Late,90,1,45
INV-2026-00416,Union Transport,Mid-Market,FleetManage Co,5155.77,2025-05-26,2025-07-10,2025-07-15,Late,50,1,5
INV-2026-00417,Evergreen Health,Mid-Market,TradeLedger Finance,35706.44,2025-03-04,2025-04-18,2025-04-12,Paid,39,0,0
INV-2026-00418,Delta Manufacturing,Enterprise,InsightOps Ltd,88062.66,2025-04-24,2025-06-23,2025-06-17,Paid,54,0,0
INV-2026-00419,Union Transport,Mid-Market,DataPipe Solutions,35138.42,2025-11-11,2025-12-26,,Outstanding,180,1,135
INV-2026-00420,Delta Manufacturing,Enterprise,WorkCapital Hub,128238.11,2025-07-23,2025-09-21,2025-09-17,Paid,56,0,0
INV-2026-00421,Union Transport,Mid-Market,TradeLedger Finance,24770.39,2025-08-09,2025-09-23,2025-09-19,Paid,41,0,0
INV-2026-00422,Westfield Properties,Mid-Market,SupplyChain Pro,42272.97,2026-03-22,2026-05-06,2026-05-06,Paid,45,0,0
INV-2026-00423,Orion Aerospace,Enterprise,TradeLedger Finance,62403.72,2025-05-21,2025-07-20,2025-07-13,Paid,53,0,0
INV-2026-00424,Westfield Properties,Mid-Market,FleetManage Co,22143.72,2025-09-05,2025-10-20,2025-10-16,Paid,41,0,0
INV-2026-00425,Union Transport,Mid-Market,FleetManage Co,35399.4,2025-06-07,2025-07-22,2025-07-14,Paid,37,0,0
INV-2026-00426,Horizon Media,Mid-Market,CloudServe Inc,36949.99,2026-02-06,2026-03-23,2026-03-22,Paid,44,0,0
INV-2026-00427,Yellowstone Mining,Enterprise,NetScale Partners,95194.88,2025-06-30,2025-08-29,2025-08-23,Paid,54,0,0
INV-2026-00428,Northstar Wholesale,Mid-Market,FleetManage Co,38627.85,2025-01-12,2025-02-26,2025-02-22,Paid,41,0,0
INV-2026-00429,Evergreen Health,Mid-Market,NetScale Partners,27992.83,2025-06-15,2025-07-30,2025-07-29,Paid,44,0,0
INV-2026-00430,Lumen Software,SMB,SupplyChain Pro,7318.39,2025-04-19,2025-05-19,2025-05-13,Paid,24,0,0
INV-2026-00431,Union Transport,Mid-Market,CloudServe Inc,37023.08,2025-11-26,2026-01-10,2026-02-27,Late,93,1,48
INV-2026-00432,Orion Aerospace,Enterprise,InsightOps Ltd,62011.73,2025-11-10,2026-01-09,2026-01-02,Paid,53,0,0
INV-2026-00433,Meridian Pharma,Enterprise,DataPipe Solutions,160739.47,2025-02-13,2025-04-14,2025-04-14,Paid,60,0,0
INV-2026-00434,Evergreen Health,Mid-Market,PayFlow Technologies,20732.08,2026-01-22,2026-03-08,2026-03-07,Paid,44,0,0
INV-2026-00435,Northstar Wholesale,Mid-Market,GreenLedger Systems,33382.34,2024-11-29,2025-01-13,2025-01-07,Paid,39,0,0
INV-2026-00436,Frontier Tech,SMB,TradeLedger Finance,11686.34,2025-05-25,2025-06-24,2025-06-15,Paid,21,0,0
INV-2026-00437,Delta Manufacturing,Enterprise,InsightOps Ltd,102992.67,2024-12-02,2025-01-31,2025-04-18,Late,137,1,77
INV-2026-00438,Northstar Wholesale,Mid-Market,SupplyChain Pro,21413.65,2025-08-19,2025-10-03,2025-10-02,Paid,44,0,0
INV-2026-00439,Horizon Media,Mid-Market,SupplyChain Pro,40716.2,2025-01-28,2025-03-14,,Outstanding,467,1,422
INV-2026-00440,Horizon Media,Mid-Market,CloudServe Inc,15881.81,2025-03-02,2025-04-16,2025-04-12,Paid,41,0,0
INV-2026-00441,Northstar Wholesale,Mid-Market,FleetManage Co,8724.37,2025-04-03,2025-05-18,2025-07-03,Late,91,1,46
INV-2026-00442,Terra Farms,SMB,FleetManage Co,2890.62,2025-05-29,2025-06-28,2025-08-09,Late,72,1,42
INV-2026-00443,Acme Logistics,SMB,TradeLedger Finance,1704.8,2025-12-11,2026-01-10,2026-01-09,Paid,29,0,0
INV-2026-00444,Meridian Pharma,Enterprise,DataPipe Solutions,106389.45,2025-11-28,2026-01-27,2026-01-23,Paid,56,0,0
INV-2026-00445,Orion Aerospace,Enterprise,TradeLedger Finance,171444.8,2025-05-05,2025-07-04,2025-06-24,Paid,50,0,0
INV-2026-00446,Union Transport,Mid-Market,SupplyChain Pro,36980.5,2026-05-05,2026-06-19,,Outstanding,5,0,0
INV-2026-00447,Pinnacle Insurance,Mid-Market,DataPipe Solutions,25561.93,2025-05-26,2025-07-10,2025-08-10,Late,76,1,31
INV-2026-00448,Terra Farms,SMB,PayFlow Technologies,4735.8,2025-01-10,2025-02-09,2025-02-01,Paid,22,0,0
INV-2026-00449,Riverstone Hotels,Mid-Market,NetScale Partners,34593.24,2025-06-12,2025-07-27,2025-07-17,Paid,35,0,0
INV-2026-00450,Northstar Wholesale,Mid-Market,InsightOps Ltd,32179.41,2025-10-20,2025-12-04,2025-11-24,Paid,35,0,0
INV-2026-00451,Pinnacle Insurance,Mid-Market,SupplyChain Pro,9760.97,2024-12-19,2025-02-02,2025-01-29,Paid,41,0,0
INV-2026-00452,Terra Farms,SMB,CloudServe Inc,1303.6,2025-02-23,2025-03-25,2025-03-19,Paid,24,0,0
INV-2026-00453,Lumen Software,SMB,WorkCapital Hub,3964.39,2024-12-01,2024-12-31,2024-12-22,Paid,21,0,0
INV-2026-00454,Summit Financial,Enterprise,SupplyChain Pro,33378.42,2025-04-20,2025-06-19,2025-06-19,Paid,60,0,0
INV-2026-00455,Brightline Retail,SMB,InsightOps Ltd,9900.18,2025-07-25,2025-08-24,2025-10-01,Late,68,1,38
INV-2026-00456,Northstar Wholesale,Mid-Market,PayFlow Technologies,30993.1,2025-12-30,2026-02-13,2026-02-10,Paid,42,0,0
INV-2026-00457,Brightline Retail,SMB,GreenLedger Systems,5708.27,2025-02-26,2025-03-28,2025-05-02,Late,65,1,35
INV-2026-00458,Orion Aerospace,Enterprise,FleetManage Co,143963.65,2026-03-09,2026-05-08,2026-04-30,Paid,52,0,0
INV-2026-00459,Keystone Energy,Enterprise,WorkCapital Hub,142495.61,2025-05-03,2025-07-02,2025-06-30,Paid,58,0,0
INV-2026-00460,Keystone Energy,Enterprise,NetScale Partners,89236.23,2025-03-03,2025-05-02,2025-04-30,Paid,58,0,0
INV-2026-00461,Cascade Foods,Mid-Market,FleetManage Co,21417.66,2025-06-28,2025-08-12,2025-08-06,Paid,39,0,0
INV-2026-00462,Acme Logistics,SMB,TradeLedger Finance,1026.92,2025-12-26,2026-01-25,2026-02-22,Late,58,1,28
INV-2026-00463,Frontier Tech,SMB,FleetManage Co,6725.24,2025-01-19,2025-02-18,,Outstanding,476,1,446
INV-2026-00464,Delta Manufacturing,Enterprise,FleetManage Co,110199.38,2025-02-11,2025-04-12,2025-04-05,Paid,53,0,0
INV-2026-00465,Keystone Energy,Enterprise,WorkCapital Hub,41787.76,2024-11-29,2025-01-28,2025-04-17,Late,139,1,79
INV-2026-00466,Orion Aerospace,Enterprise,FleetManage Co,177938.22,2025-10-15,2025-12-14,2025-12-08,Paid,54,0,0
INV-2026-00467,Vertex Biotech,Enterprise,WorkCapital Hub,84512.53,2025-10-18,2025-12-17,2025-12-11,Paid,54,0,0
INV-2026-00468,Meridian Pharma,Enterprise,InsightOps Ltd,175025.54,2025-06-08,2025-08-07,,Outstanding,336,1,276
INV-2026-00469,Xeno Packaging,SMB,DataPipe Solutions,2470.86,2025-06-16,2025-07-16,2025-07-12,Paid,26,0,0
INV-2026-00470,Lumen Software,SMB,DataPipe Solutions,10369.2,2025-05-13,2025-06-12,,Outstanding,362,1,332
INV-2026-00471,Granite Construction,Enterprise,CloudServe Inc,26159.86,2025-12-03,2026-02-01,2026-01-28,Paid,56,0,0
INV-2026-00472,Evergreen Health,Mid-Market,NetScale Partners,28525.85,2025-09-30,2025-11-14,2025-11-09,Paid,40,0,0
INV-2026-00473,Orion Aerospace,Enterprise,GreenLedger Systems,161695.62,2025-03-08,2025-05-07,2025-05-05,Paid,58,0,0
INV-2026-00474,Riverstone Hotels,Mid-Market,TradeLedger Finance,5447.47,2025-01-01,2025-02-15,2025-02-24,Late,54,1,9
INV-2026-00475,Yellowstone Mining,Enterprise,WorkCapital Hub,89832.98,2025-02-15,2025-04-16,2025-04-06,Paid,50,0,0
INV-2026-00476,Quantum Analytics,SMB,InsightOps Ltd,9498.91,2026-03-03,2026-04-02,,Outstanding,68,1,38
INV-2026-00477,Westfield Properties,Mid-Market,NetScale Partners,11281.02,2026-01-19,2026-03-05,,Outstanding,111,1,66
INV-2026-00478,Ironclad Security,SMB,GreenLedger Systems,7432.4,2026-01-20,2026-02-19,2026-02-12,Paid,23,0,0
INV-2026-00479,Union Transport,Mid-Market,DataPipe Solutions,12332.73,2025-04-18,2025-06-02,2025-05-25,Paid,37,0,0
INV-2026-00480,Granite Construction,Enterprise,SupplyChain Pro,152026.84,2026-04-02,2026-06-01,,Outstanding,38,0,0
INV-2026-00481,Pinnacle Insurance,Mid-Market,SupplyChain Pro,16128.69,2026-03-03,2026-04-17,,Outstanding,68,1,23
INV-2026-00482,Pinnacle Insurance,Mid-Market,FleetManage Co,7428.29,2025-02-27,2025-04-13,2025-04-03,Paid,35,0,0
INV-2026-00483,Pinnacle Insurance,Mid-Market,CloudServe Inc,17381.74,2025-10-08,2025-11-22,2025-11-20,Paid,43,0,0
INV-2026-00484,Lumen Software,SMB,PayFlow Technologies,11767.52,2026-02-04,2026-03-06,2026-03-03,Paid,27,0,0
INV-2026-00485,Orion Aerospace,Enterprise,CloudServe Inc,145034.76,2025-03-28,2025-05-27,2025-06-26,Late,90,1,30
INV-2026-00486,Summit Financial,Enterprise,FleetManage Co,162841.79,2025-12-26,2026-02-24,2026-02-19,Paid,55,0,0
INV-2026-00487,Vertex Biotech,Enterprise,GreenLedger Systems,39191.77,2025-12-03,2026-02-01,2026-01-26,Paid,54,0,0
INV-2026-00488,Ironclad Security,SMB,FleetManage Co,7192.18,2025-12-21,2026-01-20,2026-02-07,Late,48,1,18
INV-2026-00489,Vertex Biotech,Enterprise,FleetManage Co,83588.24,2026-02-23,2026-04-24,,Outstanding,76,1,16
INV-2026-00490,Juniper Consulting,Mid-Market,TradeLedger Finance,5199.4,2025-01-24,2025-03-10,2025-03-07,Paid,42,0,0
INV-2026-00491,Juniper Consulting,Mid-Market,DataPipe Solutions,22895.36,2025-03-23,2025-05-07,2025-05-07,Paid,45,0,0
INV-2026-00492,Lumen Software,SMB,SupplyChain Pro,10729.45,2025-10-28,2025-11-27,2025-11-17,Paid,20,0,0
INV-2026-00493,Pinnacle Insurance,Mid-Market,FleetManage Co,29693.88,2025-10-13,2025-11-27,2025-11-22,Paid,40,0,0
INV-2026-00494,Frontier Tech,SMB,InsightOps Ltd,3538.13,2025-10-04,2025-11-03,2025-10-24,Paid,20,0,0
INV-2026-00495,Westfield Properties,Mid-Market,WorkCapital Hub,34265.08,2025-06-25,2025-08-09,2025-09-12,Late,79,1,34
INV-2026-00496,Brightline Retail,SMB,PayFlow Technologies,10533.83,2026-01-30,2026-03-01,2026-03-02,Late,31,1,1
INV-2026-00497,Cascade Foods,Mid-Market,SupplyChain Pro,13878.09,2025-10-10,2025-11-24,2025-11-17,Paid,38,0,0
INV-2026-00498,Union Transport,Mid-Market,WorkCapital Hub,13210.39,2025-12-31,2026-02-14,2026-02-12,Paid,43,0,0
INV-2026-00499,Juniper Consulting,Mid-Market,GreenLedger Systems,6898.94,2026-02-18,2026-04-04,,Outstanding,81,1,36
INV-2026-00500,Juniper Consulting,Mid-Market,SupplyChain Pro,43128.15,2025-10-16,2025-11-30,2025-11-22,Paid,37,0,0
INV-2026-00501,Terra Farms,SMB,CloudServe Inc,4512.51,2025-04-21,2025-05-21,2025-06-19,Late,59,1,29
INV-2026-00502,Xeno Packaging,SMB,InsightOps Ltd,8765.02,2025-04-16,2025-05-16,2025-05-09,Paid,23,0,0
INV-2026-00503,Pinnacle Insurance,Mid-Market,WorkCapital Hub,15824.43,2025-02-05,2025-03-22,2025-03-13,Paid,36,0,0
INV-2026-00504,Ironclad Security,SMB,FleetManage Co,2932.7,2026-01-23,2026-02-22,2026-02-15,Paid,23,0,0
INV-2026-00505,Delta Manufacturing,Enterprise,SupplyChain Pro,164671.32,2025-11-23,2026-01-22,2026-02-16,Late,85,1,25
INV-2026-00506,Meridian Pharma,Enterprise,GreenLedger Systems,33806.74,2025-12-31,2026-03-01,2026-02-19,Paid,50,0,0
INV-2026-00507,Orion Aerospace,Enterprise,DataPipe Solutions,124121.64,2024-12-24,2025-02-22,2025-02-12,Paid,50,0,0
INV-2026-00508,Vertex Biotech,Enterprise,GreenLedger Systems,117771.92,2025-04-24,2025-06-23,2025-06-15,Paid,52,0,0
INV-2026-00509,Evergreen Health,Mid-Market,SupplyChain Pro,7276.53,2025-08-03,2025-09-17,2025-09-10,Paid,38,0,0
INV-2026-00510,Yellowstone Mining,Enterprise,FleetManage Co,135813.27,2025-01-20,2025-03-21,2025-03-21,Paid,60,0,0
INV-2026-00511,Cascade Foods,Mid-Market,DataPipe Solutions,29165.37,2024-12-21,2025-02-04,2025-01-27,Paid,37,0,0
INV-2026-00512,Riverstone Hotels,Mid-Market,PayFlow Technologies,6607.26,2025-09-13,2025-10-28,2025-10-28,Paid,45,0,0
INV-2026-00513,Acme Logistics,SMB,CloudServe Inc,3682.1,2024-12-06,2025-01-05,2024-12-31,Paid,25,0,0
INV-2026-00514,Brightline Retail,SMB,FleetManage Co,10477.63,2026-05-05,2026-06-04,,Outstanding,5,0,0
INV-2026-00515,Evergreen Health,Mid-Market,FleetManage Co,32996.89,2025-10-10,2025-11-24,2025-11-14,Paid,35,0,0
INV-2026-00516,Northstar Wholesale,Mid-Market,TradeLedger Finance,42271.78,2025-09-24,2025-11-08,2025-10-30,Paid,36,0,0
INV-2026-00517,Westfield Properties,Mid-Market,PayFlow Technologies,21668.16,2025-12-21,2026-02-04,,Outstanding,140,1,95
INV-2026-00518,Frontier Tech,SMB,SupplyChain Pro,1867.96,2024-12-19,2025-01-18,2025-01-18,Paid,30,0,0
INV-2026-00519,Yellowstone Mining,Enterprise,FleetManage Co,140924.75,2025-09-30,2025-11-29,2026-02-10,Late,133,1,73
INV-2026-00520,Brightline Retail,SMB,DataPipe Solutions,9892.95,2025-05-13,2025-06-12,2025-06-04,Paid,22,0,0
INV-2026-00521,Terra Farms,SMB,InsightOps Ltd,2982.18,2026-01-26,2026-02-25,2026-02-16,Paid,21,0,0
INV-2026-00522,Frontier Tech,SMB,WorkCapital Hub,1919.24,2025-01-15,2025-02-14,2025-03-06,Late,50,1,20
INV-2026-00523,Granite Construction,Enterprise,WorkCapital Hub,74922.49,2025-04-18,2025-06-17,2025-06-14,Paid,57,0,0
INV-2026-00524,Terra Farms,SMB,TradeLedger Finance,7029.65,2025-04-26,2025-05-26,2025-05-22,Paid,26,0,0
INV-2026-00525,Horizon Media,Mid-Market,NetScale Partners,24559.02,2025-08-19,2025-10-03,,Outstanding,264,1,219
INV-2026-00526,Granite Construction,Enterprise,CloudServe Inc,72856.02,2026-01-24,2026-03-25,2026-03-26,Late,61,1,1
INV-2026-00527,Delta Manufacturing,Enterprise,DataPipe Solutions,98947.84,2025-11-26,2026-01-25,2026-03-11,Late,105,1,45
INV-2026-00528,Yellowstone Mining,Enterprise,TradeLedger Finance,124457.36,2025-01-30,2025-03-31,2025-03-27,Paid,56,0,0
INV-2026-00529,Evergreen Health,Mid-Market,CloudServe Inc,17953.08,2025-08-04,2025-09-18,2025-09-13,Paid,40,0,0
INV-2026-00530,Acme Logistics,SMB,InsightOps Ltd,2936.14,2025-04-13,2025-05-13,2025-05-04,Paid,21,0,0
INV-2026-00531,Acme Logistics,SMB,InsightOps Ltd,4750.74,2025-01-03,2025-02-02,2025-01-29,Paid,26,0,0
INV-2026-00532,Frontier Tech,SMB,SupplyChain Pro,6167.29,2025-06-03,2025-07-03,,Outstanding,341,1,311
INV-2026-00533,Delta Manufacturing,Enterprise,CloudServe Inc,64670.56,2026-04-08,2026-06-07,,Outstanding,32,0,0
INV-2026-00534,Xeno Packaging,SMB,DataPipe Solutions,7515.73,2024-12-19,2025-01-18,,Outstanding,507,1,477
INV-2026-00535,Xeno Packaging,SMB,DataPipe Solutions,7706.36,2026-01-25,2026-02-24,2026-04-07,Late,72,1,42
INV-2026-00536,Summit Financial,Enterprise,DataPipe Solutions,73239.58,2026-02-27,2026-04-28,,Outstanding,72,1,12
INV-2026-00537,Yellowstone Mining,Enterprise,InsightOps Ltd,149209.08,2025-07-08,2025-09-06,2025-09-06,Paid,60,0,0
INV-2026-00538,Cascade Foods,Mid-Market,CloudServe Inc,13921.45,2026-02-17,2026-04-03,2026-03-31,Paid,42,0,0
INV-2026-00539,Brightline Retail,SMB,FleetManage Co,4735.12,2025-03-27,2025-04-26,2025-04-24,Paid,28,0,0
INV-2026-00540,Westfield Properties,Mid-Market,NetScale Partners,37870.92,2025-08-24,2025-10-08,2025-11-22,Late,90,1,45
INV-2026-00541,Lumen Software,SMB,CloudServe Inc,7403.8,2025-11-13,2025-12-13,2025-12-12,Paid,29,0,0
INV-2026-00542,Northstar Wholesale,Mid-Market,NetScale Partners,18157.75,2025-01-17,2025-03-03,2025-02-27,Paid,41,0,0
INV-2026-00543,Xeno Packaging,SMB,NetScale Partners,8269.98,2025-08-02,2025-09-01,2025-08-25,Paid,23,0,0
INV-2026-00544,Vertex Biotech,Enterprise,DataPipe Solutions,76199.27,2025-10-04,2025-12-03,2025-11-27,Paid,54,0,0
INV-2026-00545,Juniper Consulting,Mid-Market,WorkCapital Hub,25289.95,2024-12-05,2025-01-19,2025-03-03,Late,88,1,43
INV-2026-00546,Northstar Wholesale,Mid-Market,NetScale Partners,41895.58,2024-12-03,2025-01-17,2025-02-05,Late,64,1,19
INV-2026-00547,Riverstone Hotels,Mid-Market,WorkCapital Hub,15740.55,2025-09-08,2025-10-23,2025-10-15,Paid,37,0,0
INV-2026-00548,Quantum Analytics,SMB,SupplyChain Pro,11181.62,2024-12-01,2024-12-31,,Outstanding,525,1,495
INV-2026-00549,Cascade Foods,Mid-Market,InsightOps Ltd,7753.1,2024-12-27,2025-02-10,2025-02-07,Paid,42,0,0
INV-2026-00550,Westfield Properties,Mid-Market,SupplyChain Pro,25635.96,2024-12-12,2025-01-26,2025-01-25,Paid,44,0,0
INV-2026-00551,Cascade Foods,Mid-Market,PayFlow Technologies,25446.92,2026-01-16,2026-03-02,,Outstanding,114,1,69
INV-2026-00552,Lumen Software,SMB,TradeLedger Finance,7744.35,2025-04-26,2025-05-26,2025-05-29,Late,33,1,3
INV-2026-00553,Horizon Media,Mid-Market,NetScale Partners,31360.16,2026-02-23,2026-04-09,2026-04-02,Paid,38,0,0
INV-2026-00554,Quantum Analytics,SMB,InsightOps Ltd,7100.31,2025-11-24,2025-12-24,2025-12-24,Paid,30,0,0
INV-2026-00555,Granite Construction,Enterprise,NetScale Partners,75961.77,2025-12-24,2026-02-22,2026-03-01,Late,67,1,7
INV-2026-00556,Orion Aerospace,Enterprise,DataPipe Solutions,31266.95,2025-05-05,2025-07-04,2025-06-26,Paid,52,0,0
INV-2026-00557,Ironclad Security,SMB,TradeLedger Finance,4474.73,2024-11-27,2024-12-27,2024-12-24,Paid,27,0,0
INV-2026-00558,Northstar Wholesale,Mid-Market,DataPipe Solutions,44634.63,2025-10-27,2025-12-11,2025-12-01,Paid,35,0,0
INV-2026-00559,Westfield Properties,Mid-Market,GreenLedger Systems,23045.83,2024-12-02,2025-01-16,2025-01-18,Late,47,1,2
INV-2026-00560,Horizon Media,Mid-Market,SupplyChain Pro,29788.58,2025-12-15,2026-01-29,2026-01-27,Paid,43,0,0
INV-2026-00561,Yellowstone Mining,Enterprise,PayFlow Technologies,110611.58,2026-01-30,2026-03-31,2026-03-25,Paid,54,0,0
INV-2026-00562,Keystone Energy,Enterprise,NetScale Partners,134312.21,2025-04-23,2025-06-22,2025-06-18,Paid,56,0,0
INV-2026-00563,Riverstone Hotels,Mid-Market,FleetManage Co,34845.34,2025-03-03,2025-04-17,2025-04-15,Paid,43,0,0
INV-2026-00564,Orion Aerospace,Enterprise,SupplyChain Pro,45016.13,2024-11-17,2025-01-16,2025-01-14,Paid,58,0,0
INV-2026-00565,Ironclad Security,SMB,CloudServe Inc,807.19,2026-03-17,2026-04-16,2026-04-10,Paid,24,0,0
INV-2026-00566,Orion Aerospace,Enterprise,PayFlow Technologies,130612.77,2025-12-22,2026-02-20,2026-02-15,Paid,55,0,0
INV-2026-00567,Riverstone Hotels,Mid-Market,NetScale Partners,11886.83,2026-03-12,2026-04-26,2026-04-24,Paid,43,0,0
INV-2026-00568,Northstar Wholesale,Mid-Market,PayFlow Technologies,20237.61,2025-10-11,2025-11-25,2025-11-24,Paid,44,0,0
INV-2026-00569,Cascade Foods,Mid-Market,CloudServe Inc,24375.37,2026-04-03,2026-05-18,,Outstanding,37,0,0
INV-2026-00570,Lumen Software,SMB,TradeLedger Finance,9707.62,2024-11-17,2024-12-17,2024-12-08,Paid,21,0,0
INV-2026-00571,Delta Manufacturing,Enterprise,InsightOps Ltd,162312.75,2025-04-28,2025-06-27,2025-06-24,Paid,57,0,0
INV-2026-00572,Keystone Energy,Enterprise,WorkCapital Hub,105480.05,2025-10-31,2025-12-30,2025-12-26,Paid,56,0,0
INV-2026-00573,Meridian Pharma,Enterprise,CloudServe Inc,104719.5,2025-09-01,2025-10-31,2025-10-31,Paid,60,0,0
INV-2026-00574,Westfield Properties,Mid-Market,WorkCapital Hub,38488.06,2026-01-14,2026-02-28,2026-02-27,Paid,44,0,0
INV-2026-00575,Delta Manufacturing,Enterprise,InsightOps Ltd,74959.56,2025-03-21,2025-05-20,2025-05-13,Paid,53,0,0
INV-2026-00576,Granite Construction,Enterprise,NetScale Partners,143689.56,2025-12-14,2026-02-12,2026-02-10,Paid,58,0,0
INV-2026-00577,Summit Financial,Enterprise,TradeLedger Finance,100053.09,2026-03-25,2026-05-24,,Outstanding,46,0,0
INV-2026-00578,Brightline Retail,SMB,InsightOps Ltd,1772.16,2025-05-12,2025-06-11,,Outstanding,363,1,333
INV-2026-00579,Yellowstone Mining,Enterprise,InsightOps Ltd,45153.87,2025-03-24,2025-05-23,2025-05-17,Paid,54,0,0
INV-2026-00580,Xeno Packaging,SMB,GreenLedger Systems,3560.53,2026-01-07,2026-02-06,2026-02-07,Late,31,1,1
INV-2026-00581,Quantum Analytics,SMB,InsightOps Ltd,10770.89,2025-06-19,2025-07-19,2025-07-12,Paid,23,0,0
INV-2026-00582,Juniper Consulting,Mid-Market,SupplyChain Pro,43571.31,2025-05-25,2025-07-09,2025-06-30,Paid,36,0,0
INV-2026-00583,Lumen Software,SMB,WorkCapital Hub,7079.31,2025-02-03,2025-03-05,2025-03-04,Paid,29,0,0
INV-2026-00584,Quantum Analytics,SMB,InsightOps Ltd,11609.59,2025-02-01,2025-03-03,2025-02-23,Paid,22,0,0
INV-2026-00585,Orion Aerospace,Enterprise,PayFlow Technologies,58580.06,2025-04-29,2025-06-28,2025-06-18,Paid,50,0,0
INV-2026-00586,Granite Construction,Enterprise,CloudServe Inc,52351.32,2025-12-06,2026-02-04,,Outstanding,155,1,95
INV-2026-00587,Quantum Analytics,SMB,FleetManage Co,5160.54,2025-12-29,2026-01-28,2026-01-26,Paid,28,0,0
INV-2026-00588,Xeno Packaging,SMB,DataPipe Solutions,3075.28,2025-03-09,2025-04-08,2025-05-01,Late,53,1,23
INV-2026-00589,Westfield Properties,Mid-Market,GreenLedger Systems,41333.83,2025-09-01,2025-10-16,2025-10-06,Paid,35,0,0
INV-2026-00590,Granite Construction,Enterprise,TradeLedger Finance,44931.22,2025-03-31,2025-05-30,2025-05-24,Paid,54,0,0
INV-2026-00591,Ironclad Security,SMB,GreenLedger Systems,4673.53,2026-02-15,2026-03-17,2026-03-13,Paid,26,0,0
INV-2026-00592,Ironclad Security,SMB,WorkCapital Hub,1397.35,2026-03-30,2026-04-29,,Outstanding,41,1,11
INV-2026-00593,Keystone Energy,Enterprise,PayFlow Technologies,39656.08,2025-12-13,2026-02-11,2026-02-06,Paid,55,0,0
INV-2026-00594,Pinnacle Insurance,Mid-Market,FleetManage Co,29010.93,2025-05-24,2025-07-08,2025-07-02,Paid,39,0,0
INV-2026-00595,Summit Financial,Enterprise,SupplyChain Pro,32344.56,2026-05-05,2026-07-04,,Outstanding,5,0,0
INV-2026-00596,Westfield Properties,Mid-Market,FleetManage Co,32372.23,2025-01-02,2025-02-16,,Outstanding,493,1,448
INV-2026-00597,Cascade Foods,Mid-Market,TradeLedger Finance,31803.73,2025-02-06,2025-03-23,2025-03-20,Paid,42,0,0
INV-2026-00598,Evergreen Health,Mid-Market,SupplyChain Pro,35174.44,2025-12-30,2026-02-13,2026-02-07,Paid,39,0,0
INV-2026-00599,Keystone Energy,Enterprise,SupplyChain Pro,104815.66,2025-09-29,2025-11-28,2025-11-23,Paid,55,0,0
INV-2026-00600,Union Transport,Mid-Market,WorkCapital Hub,33384.78,2026-01-21,2026-03-07,2026-02-27,Paid,37,0,0
INV-2026-00601,Lumen Software,SMB,SupplyChain Pro,2673.66,2025-09-21,2025-10-21,2025-10-16,Paid,25,0,0
INV-2026-00602,Xeno Packaging,SMB,NetScale Partners,3165.37,2026-01-19,2026-02-18,2026-02-16,Paid,28,0,0
INV-2026-00603,Acme Logistics,SMB,FleetManage Co,3601.92,2025-01-03,2025-02-02,2025-01-29,Paid,26,0,0
INV-2026-00604,Vertex Biotech,Enterprise,GreenLedger Systems,94864.33,2024-12-31,2025-03-01,2025-02-23,Paid,54,0,0
INV-2026-00605,Meridian Pharma,Enterprise,GreenLedger Systems,168816.42,2025-04-06,2025-06-05,2025-05-31,Paid,55,0,0
INV-2026-00606,Keystone Energy,Enterprise,GreenLedger Systems,34054.23,2025-01-02,2025-03-03,2025-02-23,Paid,52,0,0
INV-2026-00607,Frontier Tech,SMB,TradeLedger Finance,11326.57,2025-11-08,2025-12-08,2025-12-05,Paid,27,0,0
INV-2026-00609,Summit Financial,Enterprise,GreenLedger Systems,154597.95,2025-01-11,2025-03-12,2025-03-12,Paid,60,0,0
INV-2026-00610,Northstar Wholesale,Mid-Market,GreenLedger Systems,18960.17,2026-04-01,2026-05-16,,Outstanding,39,0,0
INV-2026-00611,Acme Logistics,SMB,SupplyChain Pro,7098.09,2024-11-28,2024-12-28,2024-12-23,Paid,25,0,0
INV-2026-00612,Quantum Analytics,SMB,DataPipe Solutions,974.5,2025-06-28,2025-07-28,2025-07-23,Paid,25,0,0
INV-2026-00613,Granite Construction,Enterprise,SupplyChain Pro,128245.43,2024-11-26,2025-01-25,2025-01-17,Paid,52,0,0
INV-2026-00614,Xeno Packaging,SMB,SupplyChain Pro,7117.6,2025-09-18,2025-10-18,,Outstanding,234,1,204
INV-2026-00615,Keystone Energy,Enterprise,PayFlow Technologies,68373.02,2025-05-02,2025-07-01,2025-06-25,Paid,54,0,0
INV-2026-00616,Terra Farms,SMB,FleetManage Co,1148.14,2025-06-29,2025-07-29,2025-07-25,Paid,26,0,0
INV-2026-00617,Granite Construction,Enterprise,InsightOps Ltd,98766.43,2025-05-12,2025-07-11,2025-07-07,Paid,56,0,0
INV-2026-00618,Horizon Media,Mid-Market,SupplyChain Pro,32423.69,2025-04-21,2025-06-05,,Outstanding,384,1,339
INV-2026-00619,Terra Farms,SMB,CloudServe Inc,7998.52,2025-07-09,2025-08-08,2025-08-01,Paid,23,0,0
INV-2026-00620,Xeno Packaging,SMB,NetScale Partners,8701.03,2026-03-11,2026-04-10,2026-05-03,Late,53,1,23
INV-2026-00621,Keystone Energy,Enterprise,GreenLedger Systems,85598.9,2025-08-16,2025-10-15,2025-10-08,Paid,53,0,0
INV-2026-00622,Union Transport,Mid-Market,TradeLedger Finance,8257.7,2025-02-02,2025-03-19,2025-04-17,Late,74,1,29
INV-2026-00623,Quantum Analytics,SMB,DataPipe Solutions,4430.19,2024-11-20,2024-12-20,2024-12-13,Paid,23,0,0
INV-2026-00624,Pinnacle Insurance,Mid-Market,NetScale Partners,13147.57,2025-11-12,2025-12-27,2026-01-26,Late,75,1,30
INV-2026-00625,Yellowstone Mining,Enterprise,InsightOps Ltd,172703.96,2025-10-28,2025-12-27,,Outstanding,194,1,134
INV-2026-00626,Union Transport,Mid-Market,WorkCapital Hub,41583.97,2025-06-30,2025-08-14,2025-08-07,Paid,38,0,0
INV-2026-00627,Frontier Tech,SMB,DataPipe Solutions,10313.19,2024-12-07,2025-01-06,2025-01-01,Paid,25,0,0
INV-2026-00628,Vertex Biotech,Enterprise,GreenLedger Systems,106091.03,2025-11-09,2026-01-08,2026-01-06,Paid,58,0,0
INV-2026-00629,Acme Logistics,SMB,SupplyChain Pro,2953.92,2025-06-20,2025-07-20,2025-07-18,Paid,28,0,0
INV-2026-00630,Frontier Tech,SMB,NetScale Partners,8287.14,2025-08-29,2025-09-28,2025-09-23,Paid,25,0,0
INV-2026-00631,Riverstone Hotels,Mid-Market,GreenLedger Systems,23981.2,2026-02-01,2026-03-18,2026-03-14,Paid,41,0,0
INV-2026-00632,Evergreen Health,Mid-Market,FleetManage Co,26794.0,2025-04-29,2025-06-13,2025-06-08,Paid,40,0,0
INV-2026-00633,Vertex Biotech,Enterprise,GreenLedger Systems,168056.23,2026-02-27,2026-04-28,,Outstanding,72,1,12
INV-2026-00634,Orion Aerospace,Enterprise,SupplyChain Pro,46521.96,2025-03-30,2025-05-29,2025-05-24,Paid,55,0,0
INV-2026-00635,Orion Aerospace,Enterprise,FleetManage Co,102049.05,2025-03-23,2025-05-22,2025-05-17,Paid,55,0,0
INV-2026-00636,Quantum Analytics,SMB,GreenLedger Systems,1618.06,2025-06-22,2025-07-22,2025-07-17,Paid,25,0,0
INV-2026-00637,Pinnacle Insurance,Mid-Market,InsightOps Ltd,8645.26,2025-02-20,2025-04-06,2025-03-28,Paid,36,0,0
INV-2026-00638,Ironclad Security,SMB,PayFlow Technologies,7445.41,2025-12-26,2026-01-25,2026-01-22,Paid,27,0,0
INV-2026-00639,Cascade Foods,Mid-Market,WorkCapital Hub,10189.12,2024-12-17,2025-01-31,2025-01-25,Paid,39,0,0
INV-2026-00640,Ironclad Security,SMB,PayFlow Technologies,2571.48,2025-05-16,2025-06-15,2025-06-19,Late,34,1,4
INV-2026-00641,Xeno Packaging,SMB,DataPipe Solutions,3006.17,2025-09-21,2025-10-21,,Outstanding,231,1,201
INV-2026-00642,Pinnacle Insurance,Mid-Market,CloudServe Inc,10575.9,2025-03-05,2025-04-19,2025-04-13,Paid,39,0,0
INV-2026-00643,Orion Aerospace,Enterprise,FleetManage Co,61304.98,2025-07-12,2025-09-10,2025-10-19,Late,99,1,39
INV-2026-00644,Delta Manufacturing,Enterprise,CloudServe Inc,37505.46,2026-05-07,2026-07-06,,Outstanding,3,0,0
INV-2026-00645,Quantum Analytics,SMB,GreenLedger Systems,4604.22,2025-01-06,2025-02-05,2025-01-28,Paid,22,0,0
INV-2026-00646,Xeno Packaging,SMB,CloudServe Inc,6830.01,2026-02-19,2026-03-21,,Outstanding,80,1,50
INV-2026-00647,Meridian Pharma,Enterprise,DataPipe Solutions,119894.62,2026-01-20,2026-03-21,2026-03-12,Paid,51,0,0
INV-2026-00648,Xeno Packaging,SMB,WorkCapital Hub,6940.56,2025-09-09,2025-10-09,2025-09-29,Paid,20,0,0
INV-2026-00649,Cascade Foods,Mid-Market,SupplyChain Pro,12735.41,2025-05-10,2025-06-24,2025-06-21,Paid,42,0,0
INV-2026-00650,Terra Farms,SMB,GreenLedger Systems,8224.72,2025-04-02,2025-05-02,2025-05-02,Paid,30,0,0
INV-2026-00651,Meridian Pharma,Enterprise,PayFlow Technologies,109651.62,2025-02-21,2025-04-22,2025-04-15,Paid,53,0,0
INV-2026-00652,Horizon Media,Mid-Market,PayFlow Technologies,37862.21,2026-02-02,2026-03-19,2026-03-18,Paid,44,0,0
INV-2026-00653,Delta Manufacturing,Enterprise,GreenLedger Systems,65268.73,2025-11-14,2026-01-13,2026-01-13,Paid,60,0,0
INV-2026-00654,Juniper Consulting,Mid-Market,PayFlow Technologies,31761.5,2024-12-30,2025-02-13,2025-02-10,Paid,42,0,0
INV-2026-00655,Union Transport,Mid-Market,InsightOps Ltd,43136.81,2025-05-06,2025-06-20,2025-06-19,Paid,44,0,0
INV-2026-00656,Yellowstone Mining,Enterprise,PayFlow Technologies,115851.23,2025-12-20,2026-02-18,2026-02-15,Paid,57,0,0
INV-2026-00657,Horizon Media,Mid-Market,PayFlow Technologies,12240.39,2025-12-19,2026-02-02,2026-01-30,Paid,42,0,0
INV-2026-00658,Keystone Energy,Enterprise,CloudServe Inc,88022.71,2026-05-09,2026-07-08,,Outstanding,1,0,0
INV-2026-00659,Delta Manufacturing,Enterprise,InsightOps Ltd,67501.37,2026-04-03,2026-06-02,,Outstanding,37,0,0
INV-2026-00660,Northstar Wholesale,Mid-Market,WorkCapital Hub,29680.92,2026-03-06,2026-04-20,,Outstanding,65,1,20
INV-2026-00661,Quantum Analytics,SMB,FleetManage Co,9365.91,2025-02-20,2025-03-22,2025-03-13,Paid,21,0,0
INV-2026-00662,Frontier Tech,SMB,FleetManage Co,7764.12,2025-05-09,2025-06-08,2025-06-02,Paid,24,0,0
INV-2026-00663,Orion Aerospace,Enterprise,SupplyChain Pro,72404.77,2025-11-06,2026-01-05,2026-04-01,Late,146,1,86
INV-2026-00664,Brightline Retail,SMB,SupplyChain Pro,6608.1,2025-12-14,2026-01-13,2026-01-12,Paid,29,0,0
INV-2026-00665,Pinnacle Insurance,Mid-Market,SupplyChain Pro,39607.34,2025-05-06,2025-06-20,2025-06-12,Paid,37,0,0
INV-2026-00666,Xeno Packaging,SMB,InsightOps Ltd,11960.86,2026-01-21,2026-02-20,2026-02-18,Paid,28,0,0
INV-2026-00667,Orion Aerospace,Enterprise,GreenLedger Systems,91251.52,2025-10-26,2025-12-25,2025-12-23,Paid,58,0,0
INV-2026-00668,Acme Logistics,SMB,CloudServe Inc,9711.94,2025-08-14,2025-09-13,2025-09-11,Paid,28,0,0
INV-2026-00669,Brightline Retail,SMB,CloudServe Inc,3658.34,2025-06-10,2025-07-10,,Outstanding,334,1,304
INV-2026-00670,Riverstone Hotels,Mid-Market,InsightOps Ltd,14999.47,2026-01-14,2026-02-28,2026-02-22,Paid,39,0,0
INV-2026-00671,Lumen Software,SMB,NetScale Partners,10966.19,2025-12-08,2026-01-07,,Outstanding,153,1,123
INV-2026-00672,Quantum Analytics,SMB,GreenLedger Systems,6666.36,2025-07-17,2025-08-16,2025-08-09,Paid,23,0,0
INV-2026-00673,Evergreen Health,Mid-Market,InsightOps Ltd,5776.25,2025-10-26,2025-12-10,2025-12-07,Paid,42,0,0
INV-2026-00674,Westfield Properties,Mid-Market,NetScale Partners,44826.79,2026-04-19,2026-06-03,,Outstanding,21,0,0
INV-2026-00675,Ironclad Security,SMB,WorkCapital Hub,2226.72,2025-11-04,2025-12-04,2025-11-29,Paid,25,0,0
INV-2026-00676,Yellowstone Mining,Enterprise,WorkCapital Hub,45756.92,2026-01-25,2026-03-26,,Outstanding,105,1,45
INV-2026-00677,Meridian Pharma,Enterprise,WorkCapital Hub,110615.58,2025-03-23,2025-05-22,2025-05-12,Paid,50,0,0
INV-2026-00678,Meridian Pharma,Enterprise,DataPipe Solutions,40866.15,2025-01-18,2025-03-19,2025-03-18,Paid,59,0,0
INV-2026-00679,Cascade Foods,Mid-Market,InsightOps Ltd,35043.25,2025-10-13,2025-11-27,2026-01-01,Late,80,1,35
INV-2026-00680,Summit Financial,Enterprise,NetScale Partners,80287.38,2025-03-05,2025-05-04,2025-06-23,Late,110,1,50
INV-2026-00681,Cascade Foods,Mid-Market,DataPipe Solutions,7846.75,2025-02-24,2025-04-10,2025-04-05,Paid,40,0,0
INV-2026-00682,Horizon Media,Mid-Market,PayFlow Technologies,11112.53,2024-11-23,2025-01-07,2025-01-04,Paid,42,0,0
INV-2026-00683,Westfield Properties,Mid-Market,SupplyChain Pro,15231.23,2025-02-19,2025-04-05,2025-05-06,Late,76,1,31
INV-2026-00684,Juniper Consulting,Mid-Market,NetScale Partners,11874.77,2026-01-07,2026-02-21,2026-02-16,Paid,40,0,0
INV-2026-00685,Pinnacle Insurance,Mid-Market,SupplyChain Pro,38124.91,2025-11-04,2025-12-19,2025-12-14,Paid,40,0,0
INV-2026-00686,Keystone Energy,Enterprise,GreenLedger Systems,28221.96,2025-04-07,2025-06-06,2025-05-30,Paid,53,0,0
INV-2026-00687,Horizon Media,Mid-Market,CloudServe Inc,26230.26,2025-02-04,2025-03-21,2025-05-14,Late,99,1,54
INV-2026-00688,Orion Aerospace,Enterprise,SupplyChain Pro,104332.47,2025-04-17,2025-06-16,2025-06-12,Paid,56,0,0
INV-2026-00689,Acme Logistics,SMB,FleetManage Co,6159.34,2025-12-29,2026-01-28,2026-01-19,Paid,21,0,0
INV-2026-00690,Vertex Biotech,Enterprise,CloudServe Inc,157794.19,2024-12-08,2025-02-06,2025-02-06,Paid,60,0,0
INV-2026-00691,Yellowstone Mining,Enterprise,WorkCapital Hub,45112.36,2025-05-26,2025-07-25,2025-10-14,Late,141,1,81
INV-2026-00692,Yellowstone Mining,Enterprise,NetScale Partners,35117.97,2026-03-18,2026-05-17,,Outstanding,53,0,0
INV-2026-00693,Union Transport,Mid-Market,TradeLedger Finance,28571.51,2025-06-25,2025-08-09,2025-08-03,Paid,39,0,0
INV-2026-00694,Lumen Software,SMB,GreenLedger Systems,936.81,2025-12-06,2026-01-05,2025-12-27,Paid,21,0,0
INV-2026-00695,Terra Farms,SMB,TradeLedger Finance,6627.98,2026-04-07,2026-05-07,2026-05-05,Paid,28,0,0
INV-2026-00696,Horizon Media,Mid-Market,GreenLedger Systems,42390.29,2024-11-17,2025-01-01,2024-12-30,Paid,43,0,0
INV-2026-00697,Orion Aerospace,Enterprise,TradeLedger Finance,120873.74,2026-02-04,2026-04-05,,Outstanding,95,1,35
INV-2026-00698,Frontier Tech,SMB,WorkCapital Hub,9104.2,2026-03-11,2026-04-10,2026-04-06,Paid,26,0,0
INV-2026-00699,Cascade Foods,Mid-Market,FleetManage Co,23962.25,2025-10-31,2025-12-15,2026-02-14,Late,106,1,61
INV-2026-00700,Acme Logistics,SMB,PayFlow Technologies,9889.88,2026-04-15,2026-05-15,,Outstanding,25,0,0
INV-2026-00701,Orion Aerospace,Enterprise,SupplyChain Pro,172193.49,2024-12-31,2025-03-01,2025-02-21,Paid,52,0,0
INV-2026-00702,Meridian Pharma,Enterprise,InsightOps Ltd,35593.92,2025-07-13,2025-09-11,2025-11-25,Late,135,1,75
INV-2026-00703,Westfield Properties,Mid-Market,NetScale Partners,24446.33,2025-11-24,2026-01-08,2026-01-06,Paid,43,0,0
INV-2026-00704,Xeno Packaging,SMB,SupplyChain Pro,6123.73,2026-05-07,2026-06-06,,Outstanding,3,0,0
INV-2026-00705,Keystone Energy,Enterprise,FleetManage Co,104366.5,2024-12-05,2025-02-03,2025-01-27,Paid,53,0,0
INV-2026-00706,Evergreen Health,Mid-Market,SupplyChain Pro,40851.4,2025-07-03,2025-08-17,,Outstanding,311,1,266
INV-2026-00707,Xeno Packaging,SMB,WorkCapital Hub,3320.86,2025-08-24,2025-09-23,2025-09-18,Paid,25,0,0
INV-2026-00708,Meridian Pharma,Enterprise,SupplyChain Pro,136621.77,2025-04-28,2025-06-27,2025-06-18,Paid,51,0,0
INV-2026-00709,Granite Construction,Enterprise,SupplyChain Pro,80697.55,2025-08-23,2025-10-22,2025-12-01,Late,100,1,40
INV-2026-00710,Ironclad Security,SMB,WorkCapital Hub,1017.54,2025-11-18,2025-12-18,2025-12-16,Paid,28,0,0
INV-2026-00711,Orion Aerospace,Enterprise,PayFlow Technologies,160628.61,2025-09-09,2025-11-08,2025-11-08,Paid,60,0,0
INV-2026-00712,Brightline Retail,SMB,WorkCapital Hub,3678.62,2025-12-06,2026-01-05,2026-01-03,Paid,28,0,0
INV-2026-00713,Acme Logistics,SMB,FleetManage Co,4215.5,2025-04-21,2025-05-21,2025-05-11,Paid,20,0,0
INV-2026-00714,Frontier Tech,SMB,FleetManage Co,2891.56,2025-05-26,2025-06-25,2025-06-21,Paid,26,0,0
INV-2026-00715,Acme Logistics,SMB,TradeLedger Finance,4966.44,2025-05-01,2025-05-31,2025-05-29,Paid,28,0,0
INV-2026-00716,Juniper Consulting,Mid-Market,FleetManage Co,17071.42,2025-03-23,2025-05-07,,Outstanding,413,1,368
INV-2026-00717,Horizon Media,Mid-Market,NetScale Partners,23322.34,2026-03-05,2026-04-19,2026-04-12,Paid,38,0,0
INV-2026-00718,Summit Financial,Enterprise,NetScale Partners,175917.93,2024-11-26,2025-01-25,2025-01-18,Paid,53,0,0
INV-2026-00719,Frontier Tech,SMB,SupplyChain Pro,7341.51,2025-05-15,2025-06-14,,Outstanding,360,1,330
INV-2026-00720,Union Transport,Mid-Market,TradeLedger Finance,18086.83,2025-12-15,2026-01-29,2026-02-25,Late,72,1,27
INV-2026-00721,Delta Manufacturing,Enterprise,WorkCapital Hub,178743.77,2025-10-02,2025-12-01,2025-11-22,Paid,51,0,0
INV-2026-00722,Granite Construction,Enterprise,TradeLedger Finance,101826.37,2024-11-26,2025-01-25,2025-01-22,Paid,57,0,0
INV-2026-00723,Frontier Tech,SMB,TradeLedger Finance,7922.3,2026-02-06,2026-03-08,2026-03-02,Paid,24,0,0
INV-2026-00724,Pinnacle Insurance,Mid-Market,NetScale Partners,9483.97,2025-04-16,2025-05-31,2025-05-31,Paid,45,0,0
INV-2026-00725,Vertex Biotech,Enterprise,FleetManage Co,80427.72,2025-12-23,2026-02-21,2026-02-12,Paid,51,0,0
INV-2026-00726,Vertex Biotech,Enterprise,CloudServe Inc,95528.37,2025-01-03,2025-03-04,2025-03-02,Paid,58,0,0
INV-2026-00727,Delta Manufacturing,Enterprise,SupplyChain Pro,54095.97,2025-07-21,2025-09-19,2025-09-13,Paid,54,0,0
INV-2026-00728,Orion Aerospace,Enterprise,FleetManage Co,42710.77,2025-08-21,2025-10-20,2025-10-19,Paid,59,0,0
INV-2026-00729,Pinnacle Insurance,Mid-Market,TradeLedger Finance,8390.99,2026-01-02,2026-02-16,2026-02-16,Paid,45,0,0
INV-2026-00730,Keystone Energy,Enterprise,NetScale Partners,137249.71,2025-12-17,2026-02-15,2026-02-15,Paid,60,0,0
INV-2026-00731,Quantum Analytics,SMB,CloudServe Inc,8124.5,2026-01-06,2026-02-05,2026-01-27,Paid,21,0,0
INV-2026-00732,Acme Logistics,SMB,CloudServe Inc,2384.03,2025-11-10,2025-12-10,2025-12-19,Late,39,1,9
INV-2026-00733,Keystone Energy,Enterprise,FleetManage Co,80105.45,2026-05-04,2026-07-03,,Outstanding,6,0,0
INV-2026-00734,Delta Manufacturing,Enterprise,PayFlow Technologies,35925.87,2025-12-12,2026-02-10,2026-03-25,Late,103,1,43
INV-2026-00735,Ironclad Security,SMB,SupplyChain Pro,9421.2,2025-03-31,2025-04-30,2025-05-17,Late,47,1,17
INV-2026-00736,Quantum Analytics,SMB,PayFlow Technologies,3871.47,2026-05-04,2026-06-03,,Outstanding,6,0,0
INV-2026-00737,Yellowstone Mining,Enterprise,TradeLedger Finance,110833.12,2025-12-28,2026-02-26,2026-02-16,Paid,50,0,0
INV-2026-00738,Union Transport,Mid-Market,CloudServe Inc,38946.75,2025-02-11,2025-03-28,2025-03-28,Paid,45,0,0
INV-2026-00739,Union Transport,Mid-Market,WorkCapital Hub,32116.14,2025-08-07,2025-09-21,2025-09-19,Paid,43,0,0
INV-2026-00740,Quantum Analytics,SMB,TradeLedger Finance,6464.49,2025-11-13,2025-12-13,2025-12-05,Paid,22,0,0
INV-2026-00741,Vertex Biotech,Enterprise,WorkCapital Hub,138121.93,2025-03-23,2025-05-22,2025-05-13,Paid,51,0,0
INV-2026-00742,Vertex Biotech,Enterprise,WorkCapital Hub,76376.9,2025-07-08,2025-09-06,2025-08-30,Paid,53,0,0
INV-2026-00743,Quantum Analytics,SMB,FleetManage Co,8639.13,2026-05-02,2026-06-01,,Outstanding,8,0,0
INV-2026-00744,Riverstone Hotels,Mid-Market,NetScale Partners,32006.83,2025-02-06,2025-03-23,2025-03-22,Paid,44,0,0
INV-2026-00745,Horizon Media,Mid-Market,PayFlow Technologies,22863.87,2025-09-26,2025-11-10,2025-11-01,Paid,36,0,0
INV-2026-00746,Xeno Packaging,SMB,TradeLedger Finance,2023.84,2025-12-27,2026-01-26,2026-01-23,Paid,27,0,0
INV-2026-00747,Ironclad Security,SMB,NetScale Partners,3856.86,2025-07-31,2025-08-30,2025-09-08,Late,39,1,9
INV-2026-00748,Granite Construction,Enterprise,WorkCapital Hub,77756.39,2025-12-01,2026-01-30,2026-03-29,Late,118,1,58
INV-2026-00749,Frontier Tech,SMB,FleetManage Co,6106.2,2025-09-07,2025-10-07,,Outstanding,245,1,215
INV-2026-00750,Ironclad Security,SMB,NetScale Partners,4272.03,2025-11-24,2025-12-24,2025-12-24,Paid,30,0,0
INV-2026-00751,Union Transport,Mid-Market,DataPipe Solutions,21669.29,2025-07-18,2025-09-01,2025-08-23,Paid,36,0,0
INV-2026-00752,Cascade Foods,Mid-Market,DataPipe Solutions,32445.17,2026-05-06,2026-06-20,,Outstanding,4,0,0
INV-2026-00753,Cascade Foods,Mid-Market,PayFlow Technologies,37435.95,2025-07-10,2025-08-24,2025-08-20,Paid,41,0,0
INV-2026-00754,Granite Construction,Enterprise,PayFlow Technologies,30411.95,2025-11-20,2026-01-19,2026-01-10,Paid,51,0,0
INV-2026-00755,Delta Manufacturing,Enterprise,WorkCapital Hub,37020.51,2024-12-06,2025-02-04,2025-01-26,Paid,51,0,0
INV-2026-00756,Brightline Retail,SMB,FleetManage Co,11965.39,2025-05-19,2025-06-18,2025-07-22,Late,64,1,34
INV-2026-00757,Lumen Software,SMB,SupplyChain Pro,6082.19,2025-07-01,2025-07-31,2025-07-30,Paid,29,0,0
INV-2026-00758,Vertex Biotech,Enterprise,TradeLedger Finance,87032.86,2025-07-06,2025-09-04,2025-08-29,Paid,54,0,0
INV-2026-00759,Terra Farms,SMB,TradeLedger Finance,4633.93,2025-08-01,2025-08-31,2025-10-14,Late,74,1,44
INV-2026-00760,Horizon Media,Mid-Market,InsightOps Ltd,11694.29,2026-01-29,2026-03-15,2026-03-05,Paid,35,0,0
INV-2026-00761,Granite Construction,Enterprise,NetScale Partners,55037.85,2025-10-12,2025-12-11,2025-12-01,Paid,50,0,0
INV-2026-00762,Ironclad Security,SMB,CloudServe Inc,6882.35,2025-02-04,2025-03-06,2025-03-04,Paid,28,0,0
INV-2026-00763,Terra Farms,SMB,GreenLedger Systems,3703.99,2025-05-16,2025-06-15,2025-06-06,Paid,21,0,0
INV-2026-00764,Keystone Energy,Enterprise,PayFlow Technologies,61684.76,2026-03-25,2026-05-24,,Outstanding,46,0,0
INV-2026-00765,Evergreen Health,Mid-Market,SupplyChain Pro,30533.6,2024-12-12,2025-01-26,2025-01-21,Paid,40,0,0
INV-2026-00766,Juniper Consulting,Mid-Market,TradeLedger Finance,6457.28,2025-04-19,2025-06-03,2025-05-28,Paid,39,0,0
INV-2026-00767,Westfield Properties,Mid-Market,WorkCapital Hub,26192.02,2025-01-14,2025-02-28,2025-02-26,Paid,43,0,0
INV-2026-00768,Frontier Tech,SMB,WorkCapital Hub,11881.73,2025-09-06,2025-10-06,,Outstanding,246,1,216
INV-2026-00769,Xeno Packaging,SMB,PayFlow Technologies,11126.0,2025-05-09,2025-06-08,2025-06-03,Paid,25,0,0
INV-2026-00770,Granite Construction,Enterprise,FleetManage Co,58223.54,2025-09-02,2025-11-01,2025-10-29,Paid,57,0,0
INV-2026-00771,Juniper Consulting,Mid-Market,CloudServe Inc,5242.32,2025-10-31,2025-12-15,,Outstanding,191,1,146
INV-2026-00772,Meridian Pharma,Enterprise,WorkCapital Hub,67728.14,2025-07-06,2025-09-04,2025-09-01,Paid,57,0,0
INV-2026-00773,Xeno Packaging,SMB,SupplyChain Pro,11629.81,2026-03-25,2026-04-24,2026-04-21,Paid,27,0,0
INV-2026-00774,Ironclad Security,SMB,SupplyChain Pro,6300.12,2025-01-28,2025-02-27,,Outstanding,467,1,437
INV-2026-00775,Granite Construction,Enterprise,PayFlow Technologies,53125.44,2026-04-02,2026-06-01,,Outstanding,38,0,0
INV-2026-00776,Vertex Biotech,Enterprise,SupplyChain Pro,57352.67,2025-09-13,2025-11-12,,Outstanding,239,1,179
INV-2026-00777,Horizon Media,Mid-Market,DataPipe Solutions,28788.11,2026-04-22,2026-06-06,,Outstanding,18,0,0
INV-2026-00778,Meridian Pharma,Enterprise,FleetManage Co,170794.7,2025-03-07,2025-05-06,2025-07-06,Late,121,1,61
INV-2026-00779,Frontier Tech,SMB,InsightOps Ltd,6986.71,2025-12-10,2026-01-09,2026-01-04,Paid,25,0,0
INV-2026-00780,Quantum Analytics,SMB,TradeLedger Finance,5304.29,2025-06-06,2025-07-06,2025-07-03,Paid,27,0,0
INV-2026-00781,Terra Farms,SMB,DataPipe Solutions,4152.95,2026-01-13,2026-02-12,2026-02-11,Paid,29,0,0
INV-2026-00782,Ironclad Security,SMB,CloudServe Inc,920.44,2025-11-16,2025-12-16,2026-01-22,Late,67,1,37
INV-2026-00783,Vertex Biotech,Enterprise,NetScale Partners,91506.64,2025-07-10,2025-09-08,2025-09-02,Paid,54,0,0
INV-2026-00784,Delta Manufacturing,Enterprise,CloudServe Inc,145190.79,2025-01-19,2025-03-20,2025-03-17,Paid,57,0,0
INV-2026-00785,Union Transport,Mid-Market,PayFlow Technologies,42982.91,2025-05-07,2025-06-21,2025-06-12,Paid,36,0,0
INV-2026-00786,Acme Logistics,SMB,TradeLedger Finance,10725.65,2025-09-09,2025-10-09,2025-10-02,Paid,23,0,0
INV-2026-00787,Quantum Analytics,SMB,GreenLedger Systems,3464.08,2026-03-22,2026-04-21,2026-04-12,Paid,21,0,0
INV-2026-00788,Keystone Energy,Enterprise,SupplyChain Pro,115593.02,2025-08-29,2025-10-28,2025-10-20,Paid,52,0,0
INV-2026-00789,Frontier Tech,SMB,SupplyChain Pro,4870.84,2025-09-22,2025-10-22,2025-10-19,Paid,27,0,0
INV-2026-00790,Pinnacle Insurance,Mid-Market,WorkCapital Hub,20753.39,2026-02-07,2026-03-24,2026-03-15,Paid,36,0,0
INV-2026-00791,Horizon Media,Mid-Market,WorkCapital Hub,32679.73,2025-07-29,2025-09-12,2025-09-06,Paid,39,0,0
INV-2026-00792,Meridian Pharma,Enterprise,TradeLedger Finance,102318.48,2025-10-18,2025-12-17,2025-12-16,Paid,59,0,0
INV-2026-00793,Vertex Biotech,Enterprise,InsightOps Ltd,161312.37,2025-01-31,2025-04-01,2025-03-29,Paid,57,0,0
INV-2026-00794,Frontier Tech,SMB,CloudServe Inc,5138.8,2026-01-21,2026-02-20,2026-02-11,Paid,21,0,0
INV-2026-00795,Union Transport,Mid-Market,PayFlow Technologies,41816.02,2025-06-05,2025-07-20,2025-07-18,Paid,43,0,0
INV-2026-00796,Evergreen Health,Mid-Market,PayFlow Technologies,23975.29,2025-12-14,2026-01-28,2026-01-21,Paid,38,0,0
INV-2026-00797,Meridian Pharma,Enterprise,FleetManage Co,142446.06,2025-05-08,2025-07-07,2025-07-04,Paid,57,0,0
INV-2026-00798,Granite Construction,Enterprise,NetScale Partners,81388.53,2025-08-04,2025-10-03,2025-09-29,Paid,56,0,0
INV-2026-00799,Evergreen Health,Mid-Market,NetScale Partners,28808.63,2025-06-19,2025-08-03,2025-08-02,Paid,44,0,0
INV-2026-00800,Union Transport,Mid-Market,FleetManage Co,31223.77,2024-12-12,2025-01-26,2025-03-06,Late,84,1,39
INV-2026-00801,Summit Financial,Enterprise,GreenLedger Systems,61686.02,2025-03-24,2025-05-23,2025-05-13,Paid,50,0,0
INV-2026-00802,Quantum Analytics,SMB,FleetManage Co,2581.6,2025-12-06,2026-01-05,2025-12-28,Paid,22,0,0
INV-2026-00803,Ironclad Security,SMB,PayFlow Technologies,4364.41,2024-11-20,2024-12-20,,Outstanding,536,1,506
INV-2026-00804,Pinnacle Insurance,Mid-Market,InsightOps Ltd,17681.66,2025-09-21,2025-11-05,2025-11-01,Paid,41,0,0
INV-2026-00805,Keystone Energy,Enterprise,SupplyChain Pro,150841.63,2024-12-18,2025-02-16,2025-02-11,Paid,55,0,0
INV-2026-00806,Frontier Tech,SMB,NetScale Partners,4240.65,2025-11-02,2025-12-02,2025-11-25,Paid,23,0,0
INV-2026-00807,Evergreen Health,Mid-Market,InsightOps Ltd,5275.12,2025-03-05,2025-04-19,2025-04-19,Paid,45,0,0
INV-2026-00808,Ironclad Security,SMB,NetScale Partners,2685.96,2025-11-08,2025-12-08,2026-01-04,Late,57,1,27
INV-2026-00809,Pinnacle Insurance,Mid-Market,PayFlow Technologies,35674.46,2025-05-17,2025-07-01,2025-07-15,Late,59,1,14
INV-2026-00810,Keystone Energy,Enterprise,PayFlow Technologies,133791.67,2025-11-04,2026-01-03,2026-01-01,Paid,58,0,0
INV-2026-00811,Northstar Wholesale,Mid-Market,SupplyChain Pro,12878.66,2024-12-27,2025-02-10,2025-02-02,Paid,37,0,0
INV-2026-00812,Meridian Pharma,Enterprise,InsightOps Ltd,167518.36,2025-08-07,2025-10-06,2025-10-02,Paid,56,0,0
INV-2026-00813,Pinnacle Insurance,Mid-Market,NetScale Partners,22395.37,2025-05-09,2025-06-23,2025-06-19,Paid,41,0,0
INV-2026-00814,Acme Logistics,SMB,TradeLedger Finance,6677.71,2024-11-20,2024-12-20,2024-12-14,Paid,24,0,0
INV-2026-00815,Terra Farms,SMB,InsightOps Ltd,2488.33,2026-04-13,2026-05-13,,Outstanding,27,0,0
INV-2026-00816,Granite Construction,Enterprise,TradeLedger Finance,153748.4,2025-02-05,2025-04-06,2025-04-06,Paid,60,0,0
INV-2026-00817,Frontier Tech,SMB,CloudServe Inc,2147.2,2026-03-13,2026-04-12,2026-04-06,Paid,24,0,0
INV-2026-00818,Northstar Wholesale,Mid-Market,WorkCapital Hub,7219.44,2025-11-30,2026-01-14,2026-02-19,Late,81,1,36
INV-2026-00819,Horizon Media,Mid-Market,NetScale Partners,29943.01,2025-02-02,2025-03-19,2025-03-11,Paid,37,0,0
INV-2026-00820,Juniper Consulting,Mid-Market,FleetManage Co,23110.03,2025-04-23,2025-06-07,2025-06-03,Paid,41,0,0
INV-2026-00821,Juniper Consulting,Mid-Market,NetScale Partners,18999.97,2025-08-06,2025-09-20,2025-09-14,Paid,39,0,0
INV-2026-00822,Keystone Energy,Enterprise,InsightOps Ltd,169626.66,2025-06-29,2025-08-28,2025-08-28,Paid,60,0,0
INV-2026-00823,Summit Financial,Enterprise,GreenLedger Systems,88895.75,2026-04-06,2026-06-05,,Outstanding,34,0,0
INV-2026-00824,Cascade Foods,Mid-Market,TradeLedger Finance,32575.22,2026-05-07,2026-06-21,,Outstanding,3,0,0
INV-2026-00825,Frontier Tech,SMB,InsightOps Ltd,1055.36,2025-09-16,2025-10-16,2025-10-08,Paid,22,0,0
INV-2026-00826,Vertex Biotech,Enterprise,PayFlow Technologies,104048.28,2025-02-12,2025-04-13,2025-04-07,Paid,54,0,0
INV-2026-00827,Summit Financial,Enterprise,SupplyChain Pro,43089.07,2025-12-27,2026-02-25,2026-02-23,Paid,58,0,0
INV-2026-00828,Xeno Packaging,SMB,NetScale Partners,7773.45,2024-12-15,2025-01-14,2025-01-06,Paid,22,0,0
INV-2026-00829,Terra Farms,SMB,WorkCapital Hub,5722.2,2025-09-10,2025-10-10,2025-10-05,Paid,25,0,0
INV-2026-00830,Evergreen Health,Mid-Market,NetScale Partners,13780.17,2025-04-26,2025-06-10,2025-06-10,Paid,45,0,0
INV-2026-00831,Northstar Wholesale,Mid-Market,NetScale Partners,14095.64,2024-12-15,2025-01-29,2025-01-19,Paid,35,0,0
INV-2026-00832,Orion Aerospace,Enterprise,SupplyChain Pro,163865.05,2025-04-04,2025-06-03,2025-05-27,Paid,53,0,0
INV-2026-00833,Granite Construction,Enterprise,GreenLedger Systems,98459.8,2024-12-13,2025-02-11,2025-04-11,Late,119,1,59
INV-2026-00834,Acme Logistics,SMB,InsightOps Ltd,5898.58,2025-06-30,2025-07-30,2025-07-23,Paid,23,0,0
INV-2026-00835,Xeno Packaging,SMB,FleetManage Co,8067.09,2025-08-13,2025-09-12,2025-09-03,Paid,21,0,0
INV-2026-00836,Summit Financial,Enterprise,WorkCapital Hub,136047.14,2025-03-30,2025-05-29,2025-05-20,Paid,51,0,0
INV-2026-00837,Brightline Retail,SMB,DataPipe Solutions,2951.68,2025-12-22,2026-01-21,,Outstanding,139,1,109
INV-2026-00838,Acme Logistics,SMB,PayFlow Technologies,8168.39,2025-08-15,2025-09-14,2025-09-25,Late,41,1,11
INV-2026-00839,Ironclad Security,SMB,NetScale Partners,1053.72,2024-12-15,2025-01-14,2025-01-07,Paid,23,0,0
INV-2026-00840,Summit Financial,Enterprise,WorkCapital Hub,43973.37,2025-10-10,2025-12-09,2025-11-30,Paid,51,0,0
INV-2026-00841,Quantum Analytics,SMB,DataPipe Solutions,9237.07,2025-07-13,2025-08-12,2025-08-09,Paid,27,0,0
INV-2026-00842,Union Transport,Mid-Market,WorkCapital Hub,11804.98,2025-02-15,2025-04-01,,Outstanding,449,1,404
INV-2026-00843,Brightline Retail,SMB,DataPipe Solutions,1619.62,2025-05-15,2025-06-14,2025-07-25,Late,71,1,41
INV-2026-00844,Yellowstone Mining,Enterprise,GreenLedger Systems,94553.39,2026-01-01,2026-03-02,,Outstanding,129,1,69
INV-2026-00845,Horizon Media,Mid-Market,InsightOps Ltd,27434.46,2024-12-23,2025-02-06,2025-02-14,Late,53,1,8
INV-2026-00846,Meridian Pharma,Enterprise,WorkCapital Hub,25689.6,2026-01-21,2026-03-22,2026-03-16,Paid,54,0,0
INV-2026-00847,Union Transport,Mid-Market,SupplyChain Pro,21201.07,2024-11-26,2025-01-10,2025-01-10,Paid,45,0,0
INV-2026-00848,Evergreen Health,Mid-Market,DataPipe Solutions,27593.13,2025-06-17,2025-08-01,2025-07-23,Paid,36,0,0
INV-2026-00849,Horizon Media,Mid-Market,NetScale Partners,31122.54,2026-03-18,2026-05-02,2026-04-24,Paid,37,0,0
INV-2026-00850,Cascade Foods,Mid-Market,InsightOps Ltd,7485.57,2025-11-28,2026-01-12,2026-01-11,Paid,44,0,0
INV-2026-00851,Summit Financial,Enterprise,WorkCapital Hub,90550.42,2025-09-29,2025-11-28,2025-11-27,Paid,59,0,0
INV-2026-00852,Quantum Analytics,SMB,SupplyChain Pro,10719.42,2025-05-13,2025-06-12,2025-07-08,Late,56,1,26
INV-2026-00853,Ironclad Security,SMB,TradeLedger Finance,11511.01,2026-02-28,2026-03-30,2026-03-29,Paid,29,0,0
INV-2026-00854,Keystone Energy,Enterprise,SupplyChain Pro,114487.55,2025-06-10,2025-08-09,2025-09-29,Late,111,1,51
INV-2026-00855,Terra Farms,SMB,DataPipe Solutions,11845.01,2026-04-17,2026-05-17,,Outstanding,23,0,0
INV-2026-00856,Evergreen Health,Mid-Market,InsightOps Ltd,17285.25,2026-01-13,2026-02-27,2026-02-23,Paid,41,0,0
INV-2026-00857,Northstar Wholesale,Mid-Market,FleetManage Co,35496.07,2026-02-24,2026-04-10,2026-04-07,Paid,42,0,0
INV-2026-00858,Horizon Media,Mid-Market,GreenLedger Systems,27160.78,2025-04-06,2025-05-21,2025-05-16,Paid,40,0,0
INV-2026-00859,Evergreen Health,Mid-Market,FleetManage Co,44947.82,2024-11-22,2025-01-06,2025-01-06,Paid,45,0,0
INV-2026-00860,Juniper Consulting,Mid-Market,GreenLedger Systems,18878.4,2025-07-03,2025-08-17,2025-08-08,Paid,36,0,0
INV-2026-00861,Northstar Wholesale,Mid-Market,PayFlow Technologies,21275.44,2024-12-07,2025-01-21,2025-03-13,Late,96,1,51
INV-2026-00862,Vertex Biotech,Enterprise,WorkCapital Hub,47517.23,2026-02-25,2026-04-26,,Outstanding,74,1,14
INV-2026-00863,Pinnacle Insurance,Mid-Market,FleetManage Co,18752.26,2025-04-01,2025-05-16,2025-05-16,Paid,45,0,0
INV-2026-00864,Granite Construction,Enterprise,FleetManage Co,145218.53,2025-07-15,2025-09-13,2025-09-04,Paid,51,0,0
INV-2026-00865,Union Transport,Mid-Market,TradeLedger Finance,6693.58,2025-03-23,2025-05-07,2025-04-30,Paid,38,0,0
INV-2026-00866,Horizon Media,Mid-Market,InsightOps Ltd,34949.5,2025-06-07,2025-07-22,2025-07-12,Paid,35,0,0
INV-2026-00867,Westfield Properties,Mid-Market,PayFlow Technologies,31037.76,2025-06-27,2025-08-11,2025-08-09,Paid,43,0,0
INV-2026-00868,Orion Aerospace,Enterprise,TradeLedger Finance,151957.22,2025-05-11,2025-07-10,2025-08-17,Late,98,1,38
INV-2026-00869,Delta Manufacturing,Enterprise,InsightOps Ltd,153374.88,2025-03-24,2025-05-23,2025-07-01,Late,99,1,39
INV-2026-00870,Yellowstone Mining,Enterprise,SupplyChain Pro,125782.9,2026-02-03,2026-04-04,2026-03-25,Paid,50,0,0
INV-2026-00871,Summit Financial,Enterprise,FleetManage Co,132989.43,2025-03-12,2025-05-11,2025-05-03,Paid,52,0,0
INV-2026-00872,Brightline Retail,SMB,NetScale Partners,2936.52,2026-01-10,2026-02-09,2026-02-01,Paid,22,0,0
INV-2026-00873,Keystone Energy,Enterprise,GreenLedger Systems,88804.87,2024-11-19,2025-01-18,2025-01-13,Paid,55,0,0
INV-2026-00874,Riverstone Hotels,Mid-Market,DataPipe Solutions,13048.18,2025-01-06,2025-02-20,2025-02-23,Late,48,1,3
INV-2026-00875,Northstar Wholesale,Mid-Market,TradeLedger Finance,11536.66,2025-06-15,2025-07-30,2025-07-28,Paid,43,0,0
INV-2026-00876,Granite Construction,Enterprise,GreenLedger Systems,54253.55,2025-01-14,2025-03-15,2025-03-13,Paid,58,0,0
INV-2026-00877,Acme Logistics,SMB,SupplyChain Pro,4758.16,2025-01-23,2025-02-22,2025-02-22,Paid,30,0,0
INV-2026-00878,Terra Farms,SMB,PayFlow Technologies,8035.08,2024-12-01,2024-12-31,2024-12-21,Paid,20,0,0
INV-2026-00879,Xeno Packaging,SMB,GreenLedger Systems,5760.64,2025-02-03,2025-03-05,2025-03-01,Paid,26,0,0
INV-2026-00880,Summit Financial,Enterprise,CloudServe Inc,56649.24,2025-04-08,2025-06-07,2025-05-29,Paid,51,0,0
INV-2026-00881,Delta Manufacturing,Enterprise,GreenLedger Systems,173882.22,2026-01-28,2026-03-29,2026-03-23,Paid,54,0,0
INV-2026-00882,Summit Financial,Enterprise,DataPipe Solutions,25906.75,2025-09-02,2025-11-01,2025-10-31,Paid,59,0,0
INV-2026-00883,Xeno Packaging,SMB,CloudServe Inc,2796.36,2026-04-03,2026-05-03,2026-05-09,Late,36,1,6
INV-2026-00884,Quantum Analytics,SMB,TradeLedger Finance,1989.64,2025-11-21,2025-12-21,2026-01-05,Late,45,1,15
INV-2026-00885,Delta Manufacturing,Enterprise,CloudServe Inc,105349.0,2026-01-19,2026-03-20,2026-03-17,Paid,57,0,0
INV-2026-00886,Pinnacle Insurance,Mid-Market,InsightOps Ltd,32315.79,2026-04-10,2026-05-25,,Outstanding,30,0,0
INV-2026-00887,Northstar Wholesale,Mid-Market,FleetManage Co,19014.68,2025-12-30,2026-02-13,2026-02-03,Paid,35,0,0
INV-2026-00888,Westfield Properties,Mid-Market,WorkCapital Hub,21484.19,2026-01-08,2026-02-22,2026-02-21,Paid,44,0,0
INV-2026-00889,Quantum Analytics,SMB,GreenLedger Systems,10436.81,2026-03-09,2026-04-08,2026-03-31,Paid,22,0,0
INV-2026-00890,Horizon Media,Mid-Market,InsightOps Ltd,11848.2,2025-03-18,2025-05-02,2025-05-04,Late,47,1,2
INV-2026-00891,Pinnacle Insurance,Mid-Market,DataPipe Solutions,11739.71,2025-05-19,2025-07-03,2025-07-02,Paid,44,0,0
INV-2026-00892,Orion Aerospace,Enterprise,FleetManage Co,97553.23,2025-07-19,2025-09-17,2025-09-27,Late,70,1,10
INV-2026-00893,Yellowstone Mining,Enterprise,FleetManage Co,47565.32,2025-10-17,2025-12-16,2025-12-07,Paid,51,0,0
INV-2026-00894,Granite Construction,Enterprise,DataPipe Solutions,68663.58,2025-03-12,2025-05-11,2025-05-05,Paid,54,0,0
INV-2026-00895,Evergreen Health,Mid-Market,TradeLedger Finance,38657.27,2026-04-15,2026-05-30,,Outstanding,25,0,0
INV-2026-00896,Juniper Consulting,Mid-Market,WorkCapital Hub,29267.14,2025-12-27,2026-02-10,2026-02-16,Late,51,1,6
INV-2026-00897,Quantum Analytics,SMB,WorkCapital Hub,7518.78,2025-09-08,2025-10-08,2025-09-28,Paid,20,0,0
INV-2026-00898,Riverstone Hotels,Mid-Market,GreenLedger Systems,23191.71,2025-10-17,2025-12-01,2025-12-23,Late,67,1,22
INV-2026-00899,Pinnacle Insurance,Mid-Market,PayFlow Technologies,40160.16,2025-02-19,2025-04-05,2025-03-29,Paid,38,0,0
INV-2026-00900,Horizon Media,Mid-Market,PayFlow Technologies,11987.36,2025-04-05,2025-05-20,2025-05-14,Paid,39,0,0
INV-2026-00901,Quantum Analytics,SMB,DataPipe Solutions,10647.47,2026-02-28,2026-03-30,,Outstanding,71,1,41
INV-2026-00902,Union Transport,Mid-Market,WorkCapital Hub,39509.07,2024-11-26,2025-01-10,2025-01-17,Late,52,1,7
INV-2026-00903,Orion Aerospace,Enterprise,GreenLedger Systems,141581.43,2025-11-16,2026-01-15,2026-01-11,Paid,56,0,0
INV-2026-00904,Xeno Packaging,SMB,InsightOps Ltd,11446.59,2025-12-08,2026-01-07,2026-02-02,Late,56,1,26
INV-2026-00905,Xeno Packaging,SMB,NetScale Partners,9660.69,2025-10-13,2025-11-12,2025-12-23,Late,71,1,41
INV-2026-00906,Granite Construction,Enterprise,NetScale Partners,89126.86,2025-10-24,2025-12-23,2025-12-23,Paid,60,0,0
INV-2026-00907,Keystone Energy,Enterprise,CloudServe Inc,166113.91,2024-12-22,2025-02-20,2025-02-10,Paid,50,0,0
INV-2026-00908,Lumen Software,SMB,InsightOps Ltd,8741.29,2025-10-04,2025-11-03,,Outstanding,218,1,188
INV-2026-00909,Riverstone Hotels,Mid-Market,CloudServe Inc,30085.04,2026-01-13,2026-02-27,2026-02-20,Paid,38,0,0
INV-2026-00910,Union Transport,Mid-Market,DataPipe Solutions,22716.35,2026-04-24,2026-06-08,,Outstanding,16,0,0
INV-2026-00912,Horizon Media,Mid-Market,InsightOps Ltd,21829.35,2025-03-24,2025-05-08,,Outstanding,412,1,367
INV-2026-00913,Vertex Biotech,Enterprise,NetScale Partners,65698.73,2025-01-16,2025-03-17,2025-04-03,Late,77,1,17
INV-2026-00914,Evergreen Health,Mid-Market,TradeLedger Finance,29908.56,2025-10-22,2025-12-06,2025-12-04,Paid,43,0,0
INV-2026-00915,Cascade Foods,Mid-Market,DataPipe Solutions,40335.25,2026-05-05,2026-06-19,,Outstanding,5,0,0
INV-2026-00916,Juniper Consulting,Mid-Market,SupplyChain Pro,41474.86,2025-06-02,2025-07-17,2025-07-10,Paid,38,0,0
INV-2026-00917,Summit Financial,Enterprise,WorkCapital Hub,106896.93,2025-12-21,2026-02-19,2026-02-13,Paid,54,0,0
INV-2026-00918,Riverstone Hotels,Mid-Market,GreenLedger Systems,38291.34,2025-04-03,2025-05-18,2025-05-15,Paid,42,0,0
INV-2026-00919,Pinnacle Insurance,Mid-Market,SupplyChain Pro,41151.63,2025-09-08,2025-10-23,2025-10-16,Paid,38,0,0
INV-2026-00920,Juniper Consulting,Mid-Market,SupplyChain Pro,28361.93,2025-08-25,2025-10-09,2025-11-02,Late,69,1,24
INV-2026-00921,Brightline Retail,SMB,FleetManage Co,10790.84,2025-10-28,2025-11-27,2025-12-06,Late,39,1,9
INV-2026-00922,Northstar Wholesale,Mid-Market,PayFlow Technologies,16643.93,2025-09-05,2025-10-20,2025-10-19,Paid,44,0,0
INV-2026-00923,Vertex Biotech,Enterprise,CloudServe Inc,40067.96,2025-10-01,2025-11-30,,Outstanding,221,1,161
INV-2026-00924,Xeno Packaging,SMB,CloudServe Inc,5442.94,2025-12-30,2026-01-29,2026-01-27,Paid,28,0,0
INV-2026-00925,Pinnacle Insurance,Mid-Market,DataPipe Solutions,27019.62,2025-10-14,2025-11-28,2025-11-25,Paid,42,0,0
INV-2026-00926,Keystone Energy,Enterprise,SupplyChain Pro,179497.28,2025-03-03,2025-05-02,2025-07-07,Late,126,1,66
INV-2026-00927,Ironclad Security,SMB,PayFlow Technologies,10754.74,2024-12-20,2025-01-19,2025-01-17,Paid,28,0,0
INV-2026-00928,Yellowstone Mining,Enterprise,SupplyChain Pro,162392.06,2025-05-02,2025-07-01,2025-06-24,Paid,53,0,0
INV-2026-00929,Delta Manufacturing,Enterprise,FleetManage Co,128545.43,2025-08-07,2025-10-06,2025-10-06,Paid,60,0,0
INV-2026-00930,Riverstone Hotels,Mid-Market,CloudServe Inc,40877.71,2024-12-02,2025-01-16,2025-02-26,Late,86,1,41
INV-2026-00931,Evergreen Health,Mid-Market,GreenLedger Systems,35386.91,2025-03-20,2025-05-04,2025-04-24,Paid,35,0,0
INV-2026-00932,Pinnacle Insurance,Mid-Market,DataPipe Solutions,14587.43,2025-03-17,2025-05-01,,Outstanding,419,1,374
INV-2026-00933,Riverstone Hotels,Mid-Market,InsightOps Ltd,34785.84,2024-12-29,2025-02-12,2025-02-09,Paid,42,0,0
INV-2026-00934,Xeno Packaging,SMB,TradeLedger Finance,4737.47,2025-05-28,2025-06-27,2025-06-18,Paid,21,0,0
INV-2026-00935,Vertex Biotech,Enterprise,PayFlow Technologies,59633.92,2025-03-27,2025-05-26,,Outstanding,409,1,349
INV-2026-00936,Riverstone Hotels,Mid-Market,DataPipe Solutions,8504.92,2025-11-11,2025-12-26,2025-12-22,Paid,41,0,0
INV-2026-00937,Lumen Software,SMB,SupplyChain Pro,9060.74,2025-01-25,2025-02-24,2025-02-23,Paid,29,0,0
INV-2026-00938,Union Transport,Mid-Market,TradeLedger Finance,32628.19,2026-05-09,2026-06-23,,Outstanding,1,0,0
INV-2026-00939,Terra Farms,SMB,TradeLedger Finance,10961.33,2025-01-10,2025-02-09,2025-02-05,Paid,26,0,0
INV-2026-00940,Keystone Energy,Enterprise,TradeLedger Finance,112474.76,2026-01-21,2026-03-22,2026-03-18,Paid,56,0,0
INV-2026-00941,Riverstone Hotels,Mid-Market,PayFlow Technologies,35198.09,2026-01-06,2026-02-20,2026-04-15,Late,99,1,54
INV-2026-00942,Quantum Analytics,SMB,GreenLedger Systems,9690.55,2025-08-17,2025-09-16,2025-09-13,Paid,27,0,0
INV-2026-00943,Ironclad Security,SMB,InsightOps Ltd,10269.82,2025-05-04,2025-06-03,2025-06-22,Late,49,1,19
INV-2026-00944,Juniper Consulting,Mid-Market,GreenLedger Systems,14926.88,2025-08-10,2025-09-24,2025-09-15,Paid,36,0,0
INV-2026-00945,Quantum Analytics,SMB,WorkCapital Hub,8117.68,2026-03-08,2026-04-07,2026-04-21,Late,44,1,14
INV-2026-00946,Vertex Biotech,Enterprise,PayFlow Technologies,55758.1,2026-03-09,2026-05-08,2026-05-03,Paid,55,0,0
INV-2026-00947,Granite Construction,Enterprise,SupplyChain Pro,162825.64,2025-10-29,2025-12-28,2026-02-17,Late,111,1,51
INV-2026-00948,Cascade Foods,Mid-Market,PayFlow Technologies,6733.69,2025-01-09,2025-02-23,2025-02-13,Paid,35,0,0
INV-2026-00949,Meridian Pharma,Enterprise,NetScale Partners,118253.95,2025-07-14,2025-09-12,,Outstanding,300,1,240
INV-2026-00950,Horizon Media,Mid-Market,SupplyChain Pro,31921.05,2025-10-30,2025-12-14,2025-12-09,Paid,40,0,0
INV-2026-00951,Delta Manufacturing,Enterprise,DataPipe Solutions,123751.8,2025-01-24,2025-03-25,2025-05-07,Late,103,1,43
INV-2026-00952,Brightline Retail,SMB,FleetManage Co,7602.72,2025-02-13,2025-03-15,2025-03-15,Paid,30,0,0
INV-2026-00953,Frontier Tech,SMB,CloudServe Inc,9594.31,2025-05-03,2025-06-02,2025-05-27,Paid,24,0,0
INV-2026-00954,Juniper Consulting,Mid-Market,NetScale Partners,38710.49,2025-04-05,2025-05-20,2025-05-19,Paid,44,0,0
INV-2026-00955,Ironclad Security,SMB,TradeLedger Finance,10216.71,2024-11-30,2024-12-30,2025-01-09,Late,40,1,10
INV-2026-00956,Northstar Wholesale,Mid-Market,PayFlow Technologies,36912.98,2024-11-30,2025-01-14,2025-01-10,Paid,41,0,0
INV-2026-00957,Delta Manufacturing,Enterprise,NetScale Partners,45720.48,2025-10-18,2025-12-17,2026-02-05,Late,110,1,50
INV-2026-00958,Northstar Wholesale,Mid-Market,TradeLedger Finance,28783.45,2025-04-12,2025-05-27,2025-05-25,Paid,43,0,0
INV-2026-00959,Granite Construction,Enterprise,NetScale Partners,26446.86,2025-04-23,2025-06-22,2025-06-15,Paid,53,0,0
INV-2026-00960,Lumen Software,SMB,TradeLedger Finance,1314.49,2025-12-14,2026-01-13,2026-01-11,Paid,28,0,0
INV-2026-00961,Horizon Media,Mid-Market,PayFlow Technologies,27106.45,2025-10-04,2025-11-18,2025-11-10,Paid,37,0,0
INV-2026-00962,Quantum Analytics,SMB,TradeLedger Finance,7456.42,2026-04-21,2026-05-21,,Outstanding,19,0,0
INV-2026-00963,Acme Logistics,SMB,WorkCapital Hub,8275.2,2025-07-28,2025-08-27,2025-08-19,Paid,22,0,0
INV-2026-00964,Ironclad Security,SMB,TradeLedger Finance,1310.5,2025-03-25,2025-04-24,2025-04-19,Paid,25,0,0
INV-2026-00965,Northstar Wholesale,Mid-Market,CloudServe Inc,17354.51,2024-12-31,2025-02-14,,Outstanding,495,1,450
INV-2026-00966,Brightline Retail,SMB,SupplyChain Pro,4276.5,2025-02-08,2025-03-10,2025-03-14,Late,34,1,4
INV-2026-00967,Delta Manufacturing,Enterprise,NetScale Partners,148878.54,2025-04-19,2025-06-18,2025-08-23,Late,126,1,66
INV-2026-00968,Lumen Software,SMB,WorkCapital Hub,4663.46,2025-11-18,2025-12-18,2025-12-10,Paid,22,0,0
INV-2026-00969,Meridian Pharma,Enterprise,GreenLedger Systems,128399.69,2025-09-03,2025-11-02,2025-12-08,Late,96,1,36
INV-2026-00970,Northstar Wholesale,Mid-Market,WorkCapital Hub,9329.22,2026-04-13,2026-05-28,,Outstanding,27,0,0
INV-2026-00971,Yellowstone Mining,Enterprise,TradeLedger Finance,115005.04,2025-09-20,2025-11-19,2025-11-12,Paid,53,0,0
INV-2026-00972,Meridian Pharma,Enterprise,InsightOps Ltd,113221.88,2025-07-19,2025-09-17,2025-09-30,Late,73,1,13
INV-2026-00973,Pinnacle Insurance,Mid-Market,SupplyChain Pro,36313.42,2025-11-04,2025-12-19,2025-12-19,Paid,45,0,0
INV-2026-00974,Xeno Packaging,SMB,WorkCapital Hub,2149.4,2024-11-21,2024-12-21,,Outstanding,535,1,505
INV-2026-00975,Delta Manufacturing,Enterprise,DataPipe Solutions,161149.32,2026-04-28,2026-06-27,,Outstanding,12,0,0
INV-2026-00976,Summit Financial,Enterprise,WorkCapital Hub,95677.65,2025-03-07,2025-05-06,2025-05-22,Late,76,1,16
INV-2026-00977,Yellowstone Mining,Enterprise,CloudServe Inc,59115.74,2026-03-04,2026-05-03,2026-05-01,Paid,58,0,0
INV-2026-00978,Summit Financial,Enterprise,InsightOps Ltd,85876.54,2026-01-12,2026-03-13,2026-03-08,Paid,55,0,0
INV-2026-00979,Meridian Pharma,Enterprise,GreenLedger Systems,156605.18,2025-12-07,2026-02-05,2026-03-16,Late,99,1,39
INV-2026-00980,Acme Logistics,SMB,TradeLedger Finance,9851.67,2026-04-05,2026-05-05,2026-04-26,Paid,21,0,0
INV-2026-00981,Keystone Energy,Enterprise,SupplyChain Pro,76524.35,2025-04-17,2025-06-16,2025-06-07,Paid,51,0,0
INV-2026-00982,Frontier Tech,SMB,FleetManage Co,11088.16,2024-11-28,2024-12-28,,Outstanding,528,1,498
INV-2026-00983,Keystone Energy,Enterprise,GreenLedger Systems,150685.47,2024-11-22,2025-01-21,2025-01-18,Paid,57,0,0
INV-2026-00984,Westfield Properties,Mid-Market,DataPipe Solutions,12675.77,2024-12-23,2025-02-06,,Outstanding,503,1,458
INV-2026-00985,Orion Aerospace,Enterprise,TradeLedger Finance,149058.44,2025-11-08,2026-01-07,2025-12-28,Paid,50,0,0
INV-2026-00986,Ironclad Security,SMB,DataPipe Solutions,2104.58,2024-12-04,2025-01-03,2025-01-01,Paid,28,0,0
INV-2026-00987,Yellowstone Mining,Enterprise,NetScale Partners,108318.3,2025-12-12,2026-02-10,2026-03-16,Late,94,1,34
INV-2026-00988,Northstar Wholesale,Mid-Market,FleetManage Co,38406.46,2025-12-24,2026-02-07,2026-01-30,Paid,37,0,0
INV-2026-00989,Yellowstone Mining,Enterprise,InsightOps Ltd,118049.83,2024-11-17,2025-01-16,2025-01-07,Paid,51,0,0
INV-2026-00990,Granite Construction,Enterprise,NetScale Partners,143213.98,2025-03-04,2025-05-03,2025-07-27,Late,145,1,85
INV-2026-00991,Vertex Biotech,Enterprise,WorkCapital Hub,81479.58,2025-07-24,2025-09-22,2025-09-12,Paid,50,0,0
INV-2026-00992,Brightline Retail,SMB,DataPipe Solutions,860.7,2025-03-29,2025-04-28,2025-05-12,Late,44,1,14
INV-2026-00993,Horizon Media,Mid-Market,FleetManage Co,15538.23,2025-05-14,2025-06-28,2025-06-25,Paid,42,0,0
INV-2026-00994,Xeno Packaging,SMB,SupplyChain Pro,5784.4,2025-11-04,2025-12-04,2025-12-13,Late,39,1,9
INV-2026-00995,Cascade Foods,Mid-Market,SupplyChain Pro,31006.52,2025-07-24,2025-09-07,2025-09-04,Paid,42,0,0
INV-2026-00996,Westfield Properties,Mid-Market,CloudServe Inc,19338.23,2025-12-16,2026-01-30,2026-01-22,Paid,37,0,0
INV-2026-00997,Northstar Wholesale,Mid-Market,NetScale Partners,5157.84,2025-07-17,2025-08-31,2025-08-21,Paid,35,0,0
INV-2026-00998,Xeno Packaging,SMB,InsightOps Ltd,10785.65,2025-05-19,2025-06-18,2025-06-16,Paid,28,0,0
INV-2026-00999,Yellowstone Mining,Enterprise,InsightOps Ltd,177052.05,2025-05-21,2025-07-20,2025-07-18,Paid,58,0,0
INV-2026-01000,Terra Farms,SMB,WorkCapital Hub,4960.83,2025-08-27,2025-09-26,2025-10-28,Late,62,1,32
INV-2026-01001,Northstar Wholesale,Mid-Market,DataPipe Solutions,12936.83,2025-06-13,2025-07-28,2025-07-26,Paid,43,0,0
INV-2026-01002,Granite Construction,Enterprise,NetScale Partners,155167.08,2025-12-03,2026-02-01,2026-03-29,Late,116,1,56
INV-2026-01003,Meridian Pharma,Enterprise,WorkCapital Hub,147173.95,2026-01-05,2026-03-06,2026-02-24,Paid,50,0,0
INV-2026-01004,Yellowstone Mining,Enterprise,TradeLedger Finance,111613.01,2024-12-13,2025-02-11,2025-03-29,Late,106,1,46
INV-2026-01005,Quantum Analytics,SMB,InsightOps Ltd,1151.59,2025-06-13,2025-07-13,2025-07-31,Late,48,1,18
INV-2026-01006,Summit Financial,Enterprise,GreenLedger Systems,63390.09,2025-05-21,2025-07-20,2025-07-14,Paid,54,0,0
INV-2026-01007,Riverstone Hotels,Mid-Market,CloudServe Inc,22786.2,2025-06-07,2025-07-22,2025-07-14,Paid,37,0,0
INV-2026-01008,Delta Manufacturing,Enterprise,InsightOps Ltd,100259.07,2025-09-17,2025-11-16,2025-11-11,Paid,55,0,0
INV-2026-01009,Keystone Energy,Enterprise,CloudServe Inc,151867.33,2025-07-22,2025-09-20,2025-09-19,Paid,59,0,0
INV-2026-01010,Brightline Retail,SMB,CloudServe Inc,10187.47,2025-10-18,2025-11-17,2025-11-11,Paid,24,0,0
INV-2026-01011,Evergreen Health,Mid-Market,PayFlow Technologies,8646.78,2024-12-06,2025-01-20,2025-01-13,Paid,38,0,0
INV-2026-01012,Frontier Tech,SMB,WorkCapital Hub,4798.59,2025-02-23,2025-03-25,2025-03-17,Paid,22,0,0
INV-2026-01013,Quantum Analytics,SMB,PayFlow Technologies,3547.68,2026-02-04,2026-03-06,2026-03-11,Late,35,1,5
INV-2026-01014,Brightline Retail,SMB,SupplyChain Pro,10189.69,2025-07-17,2025-08-16,,Outstanding,297,1,267
INV-2026-01015,Delta Manufacturing,Enterprise,NetScale Partners,29350.85,2026-01-22,2026-03-23,,Outstanding,108,1,48
INV-2026-01016,Union Transport,Mid-Market,SupplyChain Pro,34085.94,2024-11-29,2025-01-13,2025-01-05,Paid,37,0,0
INV-2026-01017,Keystone Energy,Enterprise,TradeLedger Finance,66605.29,2024-12-18,2025-02-16,2025-05-16,Late,149,1,89
INV-2026-01018,Evergreen Health,Mid-Market,SupplyChain Pro,43742.19,2025-09-14,2025-10-29,2025-10-24,Paid,40,0,0
INV-2026-01019,Westfield Properties,Mid-Market,SupplyChain Pro,36840.66,2026-04-12,2026-05-27,,Outstanding,28,0,0
INV-2026-01020,Granite Construction,Enterprise,GreenLedger Systems,102434.18,2025-07-08,2025-09-06,2025-12-01,Late,146,1,86
INV-2026-01021,Summit Financial,Enterprise,TradeLedger Finance,156535.4,2026-02-13,2026-04-14,2026-04-04,Paid,50,0,0
INV-2026-01022,Delta Manufacturing,Enterprise,SupplyChain Pro,132238.22,2026-02-15,2026-04-16,2026-04-09,Paid,53,0,0
INV-2026-01023,Westfield Properties,Mid-Market,DataPipe Solutions,14236.04,2025-08-06,2025-09-20,2025-09-13,Paid,38,0,0
INV-2026-01024,Pinnacle Insurance,Mid-Market,FleetManage Co,38861.58,2025-10-04,2025-11-18,2025-11-08,Paid,35,0,0
INV-2026-01025,Lumen Software,SMB,NetScale Partners,9158.27,2025-04-09,2025-05-09,2025-05-04,Paid,25,0,0
INV-2026-01026,Ironclad Security,SMB,GreenLedger Systems,10577.95,2025-07-22,2025-08-21,2025-08-12,Paid,21,0,0
INV-2026-01027,Lumen Software,SMB,SupplyChain Pro,11492.7,2025-06-26,2025-07-26,2025-07-19,Paid,23,0,0
INV-2026-01028,Riverstone Hotels,Mid-Market,GreenLedger Systems,22327.62,2026-01-07,2026-02-21,2026-02-14,Paid,38,0,0
INV-2026-01029,Keystone Energy,Enterprise,NetScale Partners,98168.73,2026-04-09,2026-06-08,,Outstanding,31,0,0
INV-2026-01030,Keystone Energy,Enterprise,InsightOps Ltd,56878.39,2026-03-18,2026-05-17,2026-05-10,Paid,53,0,0
INV-2026-01031,Westfield Properties,Mid-Market,TradeLedger Finance,16371.95,2024-12-13,2025-01-27,2025-01-24,Paid,42,0,0
INV-2026-01032,Granite Construction,Enterprise,SupplyChain Pro,134389.4,2025-04-22,2025-06-21,2025-06-15,Paid,54,0,0
INV-2026-01033,Pinnacle Insurance,Mid-Market,NetScale Partners,44049.77,2025-08-23,2025-10-07,2025-10-25,Late,63,1,18
INV-2026-01034,Pinnacle Insurance,Mid-Market,InsightOps Ltd,29044.84,2026-05-02,2026-06-16,,Outstanding,8,0,0
INV-2026-01035,Delta Manufacturing,Enterprise,CloudServe Inc,49968.49,2024-11-27,2025-01-26,2025-03-17,Late,110,1,50
INV-2026-01036,Northstar Wholesale,Mid-Market,DataPipe Solutions,43488.55,2025-02-06,2025-03-23,2025-03-15,Paid,37,0,0
INV-2026-01037,Frontier Tech,SMB,InsightOps Ltd,11404.01,2024-11-25,2024-12-25,2024-12-30,Late,35,1,5
INV-2026-01038,Horizon Media,Mid-Market,FleetManage Co,26112.81,2025-10-13,2025-11-27,2025-11-24,Paid,42,0,0
INV-2026-01039,Cascade Foods,Mid-Market,WorkCapital Hub,20799.85,2026-03-24,2026-05-08,2026-04-28,Paid,35,0,0
INV-2026-01040,Keystone Energy,Enterprise,DataPipe Solutions,167082.29,2025-10-01,2025-11-30,2025-11-24,Paid,54,0,0
INV-2026-01041,Meridian Pharma,Enterprise,TradeLedger Finance,101708.85,2025-05-04,2025-07-03,2025-07-01,Paid,58,0,0
INV-2026-01042,Vertex Biotech,Enterprise,SupplyChain Pro,131964.96,2025-03-17,2025-05-16,2025-05-10,Paid,54,0,0
INV-2026-01043,Cascade Foods,Mid-Market,SupplyChain Pro,24633.26,2025-04-24,2025-06-08,2025-06-08,Paid,45,0,0
INV-2026-01044,Summit Financial,Enterprise,SupplyChain Pro,104117.82,2025-07-28,2025-09-26,2025-09-17,Paid,51,0,0
INV-2026-01045,Ironclad Security,SMB,SupplyChain Pro,7026.88,2025-12-07,2026-01-06,2026-02-13,Late,68,1,38
INV-2026-01046,Pinnacle Insurance,Mid-Market,NetScale Partners,21060.8,2026-04-15,2026-05-30,,Outstanding,25,0,0
INV-2026-01047,Orion Aerospace,Enterprise,GreenLedger Systems,147498.75,2025-01-17,2025-03-18,2025-03-12,Paid,54,0,0
INV-2026-01048,Riverstone Hotels,Mid-Market,TradeLedger Finance,39739.98,2025-12-29,2026-02-12,2026-02-10,Paid,43,0,0
INV-2026-01049,Westfield Properties,Mid-Market,PayFlow Technologies,5821.72,2025-04-02,2025-05-17,2025-05-14,Paid,42,0,0
INV-2026-01050,Ironclad Security,SMB,PayFlow Technologies,10296.25,2026-02-17,2026-03-19,,Outstanding,82,1,52
INV-2026-01051,Lumen Software,SMB,FleetManage Co,7367.51,2025-04-01,2025-05-01,2025-04-26,Paid,25,0,0
INV-2026-01052,Orion Aerospace,Enterprise,PayFlow Technologies,171132.57,2026-03-04,2026-05-03,,Outstanding,67,1,7
INV-2026-01053,Orion Aerospace,Enterprise,NetScale Partners,48008.67,2026-03-10,2026-05-09,,Outstanding,61,1,1
INV-2026-01054,Frontier Tech,SMB,FleetManage Co,6057.79,2025-12-27,2026-01-26,2026-01-24,Paid,28,0,0
INV-2026-01055,Ironclad Security,SMB,DataPipe Solutions,3259.35,2025-03-26,2025-04-25,2025-04-19,Paid,24,0,0
INV-2026-01056,Horizon Media,Mid-Market,GreenLedger Systems,8344.22,2025-04-11,2025-05-26,2025-05-16,Paid,35,0,0
INV-2026-01057,Riverstone Hotels,Mid-Market,CloudServe Inc,11865.5,2026-01-04,2026-02-18,2026-02-08,Paid,35,0,0
INV-2026-01058,Meridian Pharma,Enterprise,TradeLedger Finance,168063.76,2025-12-22,2026-02-20,2026-02-10,Paid,50,0,0
INV-2026-01059,Yellowstone Mining,Enterprise,FleetManage Co,136851.34,2024-12-05,2025-02-03,2025-01-27,Paid,53,0,0
INV-2026-01060,Cascade Foods,Mid-Market,DataPipe Solutions,11397.1,2026-02-12,2026-03-29,2026-03-26,Paid,42,0,0
INV-2026-01061,Orion Aerospace,Enterprise,WorkCapital Hub,95138.8,2026-03-03,2026-05-02,,Outstanding,68,1,8
INV-2026-01062,Orion Aerospace,Enterprise,TradeLedger Finance,114166.49,2025-07-10,2025-09-08,2025-09-06,Paid,58,0,0
INV-2026-01063,Horizon Media,Mid-Market,PayFlow Technologies,30807.44,2025-11-28,2026-01-12,2026-01-04,Paid,37,0,0
INV-2026-01064,Evergreen Health,Mid-Market,InsightOps Ltd,29070.36,2026-04-23,2026-06-07,,Outstanding,17,0,0
INV-2026-01065,Summit Financial,Enterprise,FleetManage Co,174844.32,2025-04-03,2025-06-02,2025-05-30,Paid,57,0,0
INV-2026-01066,Summit Financial,Enterprise,FleetManage Co,149519.18,2025-11-25,2026-01-24,2026-01-22,Paid,58,0,0
INV-2026-01067,Westfield Properties,Mid-Market,TradeLedger Finance,20761.85,2025-04-09,2025-05-24,,Outstanding,396,1,351
INV-2026-01068,Cascade Foods,Mid-Market,DataPipe Solutions,34286.36,2026-05-09,2026-06-23,,Outstanding,1,0,0
INV-2026-01069,Frontier Tech,SMB,DataPipe Solutions,8810.3,2025-09-06,2025-10-06,2025-09-27,Paid,21,0,0
INV-2026-01070,Cascade Foods,Mid-Market,CloudServe Inc,21477.04,2025-02-22,2025-04-08,2025-04-08,Paid,45,0,0
INV-2026-01071,Granite Construction,Enterprise,FleetManage Co,25445.05,2025-09-26,2025-11-25,2026-02-05,Late,132,1,72
INV-2026-01072,Westfield Properties,Mid-Market,PayFlow Technologies,13063.58,2026-05-04,2026-06-18,,Outstanding,6,0,0
INV-2026-01073,Brightline Retail,SMB,WorkCapital Hub,9675.63,2025-10-20,2025-11-19,2025-12-28,Late,69,1,39
INV-2026-01074,Riverstone Hotels,Mid-Market,SupplyChain Pro,5947.69,2025-05-11,2025-06-25,2025-08-15,Late,96,1,51
INV-2026-01075,Ironclad Security,SMB,PayFlow Technologies,1606.35,2025-12-18,2026-01-17,,Outstanding,143,1,113
INV-2026-01076,Xeno Packaging,SMB,NetScale Partners,8199.38,2026-03-25,2026-04-24,2026-04-19,Paid,25,0,0
INV-2026-01077,Horizon Media,Mid-Market,InsightOps Ltd,28991.19,2025-08-24,2025-10-08,2025-09-30,Paid,37,0,0
INV-2026-01078,Keystone Energy,Enterprise,DataPipe Solutions,135922.53,2025-01-28,2025-03-29,2025-03-19,Paid,50,0,0
INV-2026-01079,Westfield Properties,Mid-Market,PayFlow Technologies,17827.21,2026-02-15,2026-04-01,2026-03-29,Paid,42,0,0
INV-2026-01080,Brightline Retail,SMB,DataPipe Solutions,10787.06,2025-01-29,2025-02-28,,Outstanding,466,1,436
INV-2026-01081,Lumen Software,SMB,WorkCapital Hub,10034.22,2025-11-07,2025-12-07,2025-11-27,Paid,20,0,0
INV-2026-01082,Union Transport,Mid-Market,TradeLedger Finance,24019.53,2026-03-09,2026-04-23,2026-05-06,Late,58,1,13
INV-2026-01083,Westfield Properties,Mid-Market,SupplyChain Pro,16177.6,2026-01-31,2026-03-17,2026-04-18,Late,77,1,32
INV-2026-01084,Orion Aerospace,Enterprise,InsightOps Ltd,121565.86,2025-09-12,2025-11-11,2025-12-12,Late,91,1,31
INV-2026-01085,Westfield Properties,Mid-Market,DataPipe Solutions,26263.21,2025-08-09,2025-09-23,2025-10-03,Late,55,1,10
INV-2026-01086,Pinnacle Insurance,Mid-Market,SupplyChain Pro,30213.34,2026-02-21,2026-04-07,2026-04-03,Paid,41,0,0
INV-2026-01087,Keystone Energy,Enterprise,InsightOps Ltd,94665.86,2026-02-12,2026-04-13,2026-04-07,Paid,54,0,0
INV-2026-01088,Brightline Retail,SMB,FleetManage Co,5161.78,2025-01-24,2025-02-23,,Outstanding,471,1,441
INV-2026-01089,Granite Construction,Enterprise,FleetManage Co,149955.96,2025-02-01,2025-04-02,2025-03-31,Paid,58,0,0
INV-2026-01090,Terra Farms,SMB,NetScale Partners,7484.59,2025-01-08,2025-02-07,2025-01-31,Paid,23,0,0
INV-2026-01091,Delta Manufacturing,Enterprise,PayFlow Technologies,26311.54,2025-05-30,2025-07-29,2025-08-31,Late,93,1,33
INV-2026-01092,Cascade Foods,Mid-Market,InsightOps Ltd,32676.86,2025-08-26,2025-10-10,,Outstanding,257,1,212
INV-2026-01093,Granite Construction,Enterprise,FleetManage Co,92942.17,2024-12-01,2025-01-30,2025-01-28,Paid,58,0,0
INV-2026-01094,Westfield Properties,Mid-Market,WorkCapital Hub,6758.87,2025-04-18,2025-06-02,2025-05-27,Paid,39,0,0
INV-2026-01095,Quantum Analytics,SMB,FleetManage Co,10119.17,2025-11-07,2025-12-07,2025-11-30,Paid,23,0,0
INV-2026-01096,Juniper Consulting,Mid-Market,NetScale Partners,23587.46,2024-12-07,2025-01-21,2025-01-14,Paid,38,0,0
INV-2026-01097,Juniper Consulting,Mid-Market,CloudServe Inc,19196.48,2026-02-07,2026-03-24,2026-03-18,Paid,39,0,0
INV-2026-01098,Juniper Consulting,Mid-Market,PayFlow Technologies,31214.2,2025-09-25,2025-11-09,2025-11-05,Paid,41,0,0
INV-2026-01099,Riverstone Hotels,Mid-Market,PayFlow Technologies,19992.12,2025-12-06,2026-01-20,2026-01-18,Paid,43,0,0
INV-2026-01100,Orion Aerospace,Enterprise,WorkCapital Hub,144767.42,2025-02-01,2025-04-02,2025-03-29,Paid,56,0,0
INV-2026-01101,Delta Manufacturing,Enterprise,FleetManage Co,101426.1,2025-08-06,2025-10-05,2025-09-29,Paid,54,0,0
INV-2026-01102,Terra Farms,SMB,GreenLedger Systems,9626.42,2025-08-27,2025-09-26,2025-09-16,Paid,20,0,0
INV-2026-01103,Cascade Foods,Mid-Market,DataPipe Solutions,12690.41,2025-01-12,2025-02-26,2025-02-17,Paid,36,0,0
INV-2026-01104,Acme Logistics,SMB,NetScale Partners,11288.25,2026-04-23,2026-05-23,,Outstanding,17,0,0
INV-2026-01105,Juniper Consulting,Mid-Market,InsightOps Ltd,39449.68,2025-09-13,2025-10-28,2025-10-26,Paid,43,0,0
INV-2026-01106,Orion Aerospace,Enterprise,CloudServe Inc,175932.45,2025-10-15,2025-12-14,2026-01-07,Late,84,1,24
INV-2026-01107,Frontier Tech,SMB,FleetManage Co,11894.7,2026-03-12,2026-04-11,2026-04-10,Paid,29,0,0
INV-2026-01108,Pinnacle Insurance,Mid-Market,GreenLedger Systems,21701.61,2026-01-15,2026-03-01,2026-02-19,Paid,35,0,0
INV-2026-01109,Yellowstone Mining,Enterprise,GreenLedger Systems,88204.46,2026-02-09,2026-04-10,,Outstanding,90,1,30
INV-2026-01110,Acme Logistics,SMB,FleetManage Co,4474.48,2025-05-16,2025-06-15,2025-06-30,Late,45,1,15
INV-2026-01111,Union Transport,Mid-Market,NetScale Partners,17990.27,2026-03-20,2026-05-04,,Outstanding,51,1,6
INV-2026-01112,Riverstone Hotels,Mid-Market,InsightOps Ltd,27539.15,2024-12-09,2025-01-23,2025-01-16,Paid,38,0,0
INV-2026-01113,Delta Manufacturing,Enterprise,TradeLedger Finance,102510.5,2025-05-24,2025-07-23,,Outstanding,351,1,291
INV-2026-01114,Ironclad Security,SMB,CloudServe Inc,1504.38,2025-12-12,2026-01-11,2026-02-10,Late,60,1,30
INV-2026-01115,Union Transport,Mid-Market,InsightOps Ltd,22023.71,2025-12-14,2026-01-28,2026-01-28,Paid,45,0,0
INV-2026-01116,Pinnacle Insurance,Mid-Market,DataPipe Solutions,7550.07,2025-04-14,2025-05-29,2025-05-25,Paid,41,0,0
INV-2026-01117,Delta Manufacturing,Enterprise,SupplyChain Pro,118287.95,2026-02-08,2026-04-09,2026-04-09,Paid,60,0,0
INV-2026-01118,Northstar Wholesale,Mid-Market,TradeLedger Finance,24106.08,2025-12-08,2026-01-22,2026-01-19,Paid,42,0,0
INV-2026-01119,Union Transport,Mid-Market,InsightOps Ltd,34883.65,2026-01-26,2026-03-12,2026-03-12,Paid,45,0,0
INV-2026-01120,Summit Financial,Enterprise,SupplyChain Pro,79144.86,2024-12-24,2025-02-22,2025-02-20,Paid,58,0,0
INV-2026-01121,Orion Aerospace,Enterprise,FleetManage Co,90119.3,2025-10-09,2025-12-08,2025-12-06,Paid,58,0,0
INV-2026-01122,Evergreen Health,Mid-Market,NetScale Partners,43990.37,2025-04-05,2025-05-20,2025-05-20,Paid,45,0,0
INV-2026-01123,Granite Construction,Enterprise,CloudServe Inc,134546.03,2025-11-27,2026-01-26,2026-01-23,Paid,57,0,0
INV-2026-01124,Vertex Biotech,Enterprise,GreenLedger Systems,101581.57,2025-04-11,2025-06-10,2025-06-10,Paid,60,0,0
INV-2026-01125,Terra Farms,SMB,NetScale Partners,8800.15,2026-01-07,2026-02-06,2026-02-06,Paid,30,0,0
INV-2026-01126,Riverstone Hotels,Mid-Market,FleetManage Co,30278.36,2026-04-22,2026-06-06,,Outstanding,18,0,0
INV-2026-01127,Yellowstone Mining,Enterprise,NetScale Partners,165914.23,2025-09-09,2025-11-08,2026-01-17,Late,130,1,70
INV-2026-01128,Keystone Energy,Enterprise,NetScale Partners,112550.56,2025-06-17,2025-08-16,2025-10-02,Late,107,1,47
INV-2026-01129,Union Transport,Mid-Market,NetScale Partners,19462.8,2025-09-18,2025-11-02,2025-10-26,Paid,38,0,0
INV-2026-01130,Union Transport,Mid-Market,WorkCapital Hub,12870.32,2024-11-30,2025-01-14,2025-01-10,Paid,41,0,0
INV-2026-01131,Brightline Retail,SMB,NetScale Partners,9384.24,2026-04-21,2026-05-21,,Outstanding,19,0,0
INV-2026-01132,Union Transport,Mid-Market,WorkCapital Hub,7310.56,2024-12-15,2025-01-29,2025-03-19,Late,94,1,49
INV-2026-01133,Granite Construction,Enterprise,GreenLedger Systems,85664.69,2025-02-06,2025-04-07,2025-04-06,Paid,59,0,0
INV-2026-01134,Summit Financial,Enterprise,TradeLedger Finance,106929.04,2025-01-03,2025-03-04,2025-03-03,Paid,59,0,0
INV-2026-01135,Union Transport,Mid-Market,CloudServe Inc,26131.7,2025-01-19,2025-03-05,,Outstanding,476,1,431
INV-2026-01136,Westfield Properties,Mid-Market,GreenLedger Systems,33725.99,2026-04-27,2026-06-11,,Outstanding,13,0,0
INV-2026-01137,Northstar Wholesale,Mid-Market,GreenLedger Systems,27134.93,2024-11-30,2025-01-14,2025-01-12,Paid,43,0,0
INV-2026-01138,Xeno Packaging,SMB,PayFlow Technologies,6648.38,2025-08-03,2025-09-02,2025-10-02,Late,60,1,30
INV-2026-01139,Yellowstone Mining,Enterprise,DataPipe Solutions,60484.74,2026-03-16,2026-05-15,,Outstanding,55,0,0
INV-2026-01140,Meridian Pharma,Enterprise,PayFlow Technologies,139472.4,2025-10-19,2025-12-18,2025-12-09,Paid,51,0,0
INV-2026-01141,Acme Logistics,SMB,GreenLedger Systems,3398.68,2025-03-02,2025-04-01,2025-03-23,Paid,21,0,0
INV-2026-01142,Ironclad Security,SMB,GreenLedger Systems,4066.91,2025-05-10,2025-06-09,2025-07-03,Late,54,1,24
INV-2026-01143,Yellowstone Mining,Enterprise,NetScale Partners,84337.85,2025-07-05,2025-09-03,2025-11-27,Late,145,1,85
INV-2026-01144,Horizon Media,Mid-Market,GreenLedger Systems,5493.45,2025-06-23,2025-08-07,2025-09-01,Late,70,1,25
INV-2026-01145,Delta Manufacturing,Enterprise,PayFlow Technologies,171844.48,2026-01-27,2026-03-28,2026-03-19,Paid,51,0,0
INV-2026-01146,Terra Farms,SMB,FleetManage Co,6734.09,2025-03-13,2025-04-12,2025-04-10,Paid,28,0,0
INV-2026-01147,Lumen Software,SMB,SupplyChain Pro,11505.96,2026-05-06,2026-06-05,,Outstanding,4,0,0
INV-2026-01148,Westfield Properties,Mid-Market,DataPipe Solutions,35269.99,2025-03-08,2025-04-22,2025-04-13,Paid,36,0,0
INV-2026-01149,Yellowstone Mining,Enterprise,PayFlow Technologies,113936.02,2025-05-12,2025-07-11,2025-07-11,Paid,60,0,0
INV-2026-01150,Acme Logistics,SMB,GreenLedger Systems,4556.88,2025-04-07,2025-05-07,2025-06-13,Late,67,1,37
INV-2026-01151,Union Transport,Mid-Market,PayFlow Technologies,7492.07,2025-04-03,2025-05-18,2025-07-19,Late,107,1,62
INV-2026-01152,Yellowstone Mining,Enterprise,PayFlow Technologies,47836.86,2025-09-18,2025-11-17,2025-11-14,Paid,57,0,0
INV-2026-01153,Brightline Retail,SMB,SupplyChain Pro,8528.28,2025-10-03,2025-11-02,2025-11-01,Paid,29,0,0
INV-2026-01154,Juniper Consulting,Mid-Market,InsightOps Ltd,16633.46,2024-11-19,2025-01-03,2025-01-01,Paid,43,0,0
INV-2026-01155,Vertex Biotech,Enterprise,InsightOps Ltd,94833.74,2026-02-18,2026-04-19,2026-04-19,Paid,60,0,0
INV-2026-01156,Acme Logistics,SMB,DataPipe Solutions,2322.86,2025-05-02,2025-06-01,2025-05-30,Paid,28,0,0
INV-2026-01157,Pinnacle Insurance,Mid-Market,SupplyChain Pro,35618.74,2025-07-01,2025-08-15,2025-08-11,Paid,41,0,0
INV-2026-01158,Delta Manufacturing,Enterprise,SupplyChain Pro,137886.32,2025-05-18,2025-07-17,2025-07-07,Paid,50,0,0
INV-2026-01159,Acme Logistics,SMB,WorkCapital Hub,9857.64,2026-05-09,2026-06-08,,Outstanding,1,0,0
INV-2026-01160,Lumen Software,SMB,SupplyChain Pro,7367.14,2025-02-28,2025-03-30,2025-03-24,Paid,24,0,0
INV-2026-01161,Acme Logistics,SMB,InsightOps Ltd,8840.85,2026-04-03,2026-05-03,,Outstanding,37,1,7
INV-2026-01162,Northstar Wholesale,Mid-Market,TradeLedger Finance,26813.46,2025-07-24,2025-09-07,2025-08-28,Paid,35,0,0
INV-2026-01163,Ironclad Security,SMB,InsightOps Ltd,11698.28,2025-01-30,2025-03-01,2025-03-02,Late,31,1,1
INV-2026-01164,Granite Construction,Enterprise,InsightOps Ltd,80308.29,2026-02-12,2026-04-13,,Outstanding,87,1,27
INV-2026-01165,Acme Logistics,SMB,NetScale Partners,4439.22,2025-06-21,2025-07-21,2025-07-14,Paid,23,0,0
INV-2026-01166,Lumen Software,SMB,DataPipe Solutions,6318.33,2025-04-11,2025-05-11,2025-05-07,Paid,26,0,0
INV-2026-01167,Keystone Energy,Enterprise,CloudServe Inc,132345.8,2026-03-08,2026-05-07,2026-05-06,Paid,59,0,0
INV-2026-01168,Northstar Wholesale,Mid-Market,DataPipe Solutions,21093.14,2026-04-30,2026-06-14,,Outstanding,10,0,0
INV-2026-01169,Ironclad Security,SMB,TradeLedger Finance,9615.24,2025-10-18,2025-11-17,2025-11-12,Paid,25,0,0
INV-2026-01170,Vertex Biotech,Enterprise,FleetManage Co,135916.56,2024-12-22,2025-02-20,2025-02-12,Paid,52,0,0
INV-2026-01171,Lumen Software,SMB,CloudServe Inc,2319.01,2025-03-02,2025-04-01,2025-05-04,Late,63,1,33
INV-2026-01172,Frontier Tech,SMB,DataPipe Solutions,11873.02,2025-05-07,2025-06-06,2025-06-04,Paid,28,0,0
INV-2026-01173,Quantum Analytics,SMB,InsightOps Ltd,9557.79,2025-06-05,2025-07-05,2025-07-04,Paid,29,0,0
INV-2026-01174,Juniper Consulting,Mid-Market,InsightOps Ltd,16595.67,2026-02-16,2026-04-02,2026-03-23,Paid,35,0,0
INV-2026-01175,Riverstone Hotels,Mid-Market,FleetManage Co,29038.05,2024-11-20,2025-01-04,2024-12-27,Paid,37,0,0
INV-2026-01176,Vertex Biotech,Enterprise,TradeLedger Finance,32573.29,2025-05-27,2025-07-26,2025-07-22,Paid,56,0,0
INV-2026-01177,Riverstone Hotels,Mid-Market,SupplyChain Pro,26867.37,2024-12-13,2025-01-27,,Outstanding,513,1,468
INV-2026-01178,Orion Aerospace,Enterprise,FleetManage Co,122480.99,2025-02-07,2025-04-08,2025-03-29,Paid,50,0,0
INV-2026-01179,Vertex Biotech,Enterprise,CloudServe Inc,62111.31,2025-10-01,2025-11-30,2025-11-30,Paid,60,0,0
INV-2026-01180,Juniper Consulting,Mid-Market,SupplyChain Pro,34591.0,2025-05-27,2025-07-11,2025-07-08,Paid,42,0,0
INV-2026-01181,Delta Manufacturing,Enterprise,FleetManage Co,114012.08,2025-05-22,2025-07-21,2025-07-19,Paid,58,0,0
INV-2026-01182,Granite Construction,Enterprise,CloudServe Inc,125157.77,2025-01-25,2025-03-26,2025-03-25,Paid,59,0,0
INV-2026-01183,Brightline Retail,SMB,WorkCapital Hub,5910.68,2025-10-16,2025-11-15,2025-11-14,Paid,29,0,0
INV-2026-01184,Lumen Software,SMB,DataPipe Solutions,1613.02,2025-05-19,2025-06-18,2025-07-12,Late,54,1,24
INV-2026-01185,Juniper Consulting,Mid-Market,NetScale Partners,21100.29,2025-03-20,2025-05-04,2025-04-28,Paid,39,0,0
INV-2026-01186,Evergreen Health,Mid-Market,SupplyChain Pro,18080.79,2026-02-28,2026-04-14,,Outstanding,71,1,26
INV-2026-01187,Acme Logistics,SMB,FleetManage Co,4711.82,2025-06-16,2025-07-16,2025-07-07,Paid,21,0,0
INV-2026-01188,Pinnacle Insurance,Mid-Market,GreenLedger Systems,40425.55,2025-07-04,2025-08-18,2025-08-14,Paid,41,0,0
INV-2026-01189,Xeno Packaging,SMB,PayFlow Technologies,6268.42,2026-03-17,2026-04-16,,Outstanding,54,1,24
INV-2026-01190,Westfield Properties,Mid-Market,NetScale Partners,40117.08,2025-01-24,2025-03-10,,Outstanding,471,1,426
INV-2026-01191,Ironclad Security,SMB,DataPipe Solutions,4605.92,2025-05-04,2025-06-03,2025-06-18,Late,45,1,15
INV-2026-01192,Cascade Foods,Mid-Market,GreenLedger Systems,43117.86,2024-12-05,2025-01-19,2025-01-18,Paid,44,0,0
INV-2026-01193,Union Transport,Mid-Market,SupplyChain Pro,16045.19,2025-12-03,2026-01-17,2026-01-14,Paid,42,0,0
INV-2026-01194,Riverstone Hotels,Mid-Market,WorkCapital Hub,12368.31,2026-03-15,2026-04-29,,Outstanding,56,1,11
INV-2026-01195,Evergreen Health,Mid-Market,CloudServe Inc,37911.67,2025-04-26,2025-06-10,2025-05-31,Paid,35,0,0
INV-2026-01196,Xeno Packaging,SMB,WorkCapital Hub,4725.83,2026-04-16,2026-05-16,,Outstanding,24,0,0
INV-2026-01197,Frontier Tech,SMB,CloudServe Inc,9644.1,2024-12-19,2025-01-18,2025-02-09,Late,52,1,22
INV-2026-01198,Meridian Pharma,Enterprise,TradeLedger Finance,27203.02,2025-03-17,2025-05-16,2025-05-15,Paid,59,0,0
INV-2026-01199,Xeno Packaging,SMB,NetScale Partners,4377.43,2026-03-16,2026-04-15,2026-04-15,Paid,30,0,0
INV-2026-01200,Ironclad Security,SMB,WorkCapital Hub,6572.08,2025-04-02,2025-05-02,2025-05-03,Late,31,1,1
INV-2026-01201,Summit Financial,Enterprise,CloudServe Inc,57778.03,2025-09-22,2025-11-21,2025-11-18,Paid,57,0,0
INV-2026-01202,Evergreen Health,Mid-Market,InsightOps Ltd,38422.73,2025-10-03,2025-11-17,2025-11-14,Paid,42,0,0
INV-2026-01203,Frontier Tech,SMB,SupplyChain Pro,3015.41,2025-01-07,2025-02-06,2025-01-28,Paid,21,0,0
INV-2026-01204,Meridian Pharma,Enterprise,SupplyChain Pro,168985.77,2025-09-03,2025-11-02,2025-10-24,Paid,51,0,0
INV-2026-01205,Riverstone Hotels,Mid-Market,CloudServe Inc,22365.95,2025-10-26,2025-12-10,2025-12-01,Paid,36,0,0
INV-2026-01206,Frontier Tech,SMB,SupplyChain Pro,8796.18,2026-03-25,2026-04-24,,Outstanding,46,1,16
INV-2026-01207,Brightline Retail,SMB,NetScale Partners,4937.55,2025-12-19,2026-01-18,2026-01-15,Paid,27,0,0
INV-2026-01208,Frontier Tech,SMB,NetScale Partners,7555.61,2025-10-26,2025-11-25,2025-11-18,Paid,23,0,0
INV-2026-01209,Summit Financial,Enterprise,SupplyChain Pro,126234.32,2025-10-19,2025-12-18,2025-12-16,Paid,58,0,0
INV-2026-01210,Acme Logistics,SMB,WorkCapital Hub,3183.27,2026-03-20,2026-04-19,,Outstanding,51,1,21
INV-2026-01211,Terra Farms,SMB,GreenLedger Systems,9916.47,2025-04-13,2025-05-13,2025-05-09,Paid,26,0,0
INV-2026-01212,Juniper Consulting,Mid-Market,NetScale Partners,15983.36,2025-07-15,2025-08-29,2025-08-24,Paid,40,0,0
INV-2026-01213,Meridian Pharma,Enterprise,GreenLedger Systems,144166.68,2025-04-06,2025-06-05,2025-06-05,Paid,60,0,0
INV-2026-01214,Granite Construction,Enterprise,FleetManage Co,28356.2,2026-02-14,2026-04-15,2026-04-05,Paid,50,0,0
INV-2026-01215,Terra Farms,SMB,CloudServe Inc,4521.14,2025-01-13,2025-02-12,2025-02-07,Paid,25,0,0
INV-2026-01216,Brightline Retail,SMB,SupplyChain Pro,2908.12,2025-08-13,2025-09-12,2025-09-08,Paid,26,0,0
INV-2026-01217,Juniper Consulting,Mid-Market,NetScale Partners,29860.74,2026-04-20,2026-06-04,,Outstanding,20,0,0
INV-2026-01218,Horizon Media,Mid-Market,PayFlow Technologies,33653.47,2024-12-18,2025-02-01,2025-01-27,Paid,40,0,0
INV-2026-01219,Westfield Properties,Mid-Market,DataPipe Solutions,7366.47,2025-05-30,2025-07-14,2025-07-14,Paid,45,0,0
INV-2026-01220,Horizon Media,Mid-Market,DataPipe Solutions,36220.53,2025-02-26,2025-04-12,2025-04-11,Paid,44,0,0
INV-2026-01221,Riverstone Hotels,Mid-Market,FleetManage Co,20651.17,2025-01-14,2025-02-28,,Outstanding,481,1,436
INV-2026-01222,Ironclad Security,SMB,InsightOps Ltd,10013.62,2025-12-15,2026-01-14,2026-02-26,Late,73,1,43
INV-2026-01223,Xeno Packaging,SMB,InsightOps Ltd,11732.62,2025-11-02,2025-12-02,2025-11-26,Paid,24,0,0
INV-2026-01224,Northstar Wholesale,Mid-Market,PayFlow Technologies,5286.84,2025-04-11,2025-05-26,2025-05-16,Paid,35,0,0
INV-2026-01225,Horizon Media,Mid-Market,PayFlow Technologies,41781.28,2025-10-23,2025-12-07,2025-11-29,Paid,37,0,0
INV-2026-01227,Xeno Packaging,SMB,WorkCapital Hub,10949.23,2024-12-05,2025-01-04,2024-12-26,Paid,21,0,0
INV-2026-01228,Pinnacle Insurance,Mid-Market,CloudServe Inc,5348.59,2024-12-26,2025-02-09,2025-02-06,Paid,42,0,0
INV-2026-01229,Riverstone Hotels,Mid-Market,SupplyChain Pro,15341.52,2024-11-25,2025-01-09,2025-03-08,Late,103,1,58
INV-2026-01230,Keystone Energy,Enterprise,InsightOps Ltd,47586.56,2025-09-11,2025-11-10,2025-11-03,Paid,53,0,0
INV-2026-01231,Acme Logistics,SMB,NetScale Partners,7701.42,2026-03-29,2026-04-28,2026-04-27,Paid,29,0,0
INV-2026-01232,Riverstone Hotels,Mid-Market,InsightOps Ltd,44926.12,2025-08-20,2025-10-04,2025-09-28,Paid,39,0,0
INV-2026-01233,Orion Aerospace,Enterprise,SupplyChain Pro,35103.59,2026-03-15,2026-05-14,2026-05-08,Paid,54,0,0
INV-2026-01234,Brightline Retail,SMB,FleetManage Co,5450.96,2025-12-21,2026-01-20,2026-01-13,Paid,23,0,0
INV-2026-01235,Meridian Pharma,Enterprise,DataPipe Solutions,155906.18,2025-11-20,2026-01-19,2026-01-14,Paid,55,0,0
INV-2026-01236,Quantum Analytics,SMB,CloudServe Inc,1418.53,2025-01-29,2025-02-28,2025-02-28,Paid,30,0,0
INV-2026-01237,Juniper Consulting,Mid-Market,DataPipe Solutions,33078.52,2026-02-11,2026-03-28,2026-03-21,Paid,38,0,0
INV-2026-01238,Riverstone Hotels,Mid-Market,CloudServe Inc,42969.29,2024-11-17,2025-01-01,2024-12-22,Paid,35,0,0
INV-2026-01239,Summit Financial,Enterprise,CloudServe Inc,134240.5,2026-03-25,2026-05-24,,Outstanding,46,0,0
INV-2026-01240,Ironclad Security,SMB,NetScale Partners,8642.87,2025-06-11,2025-07-11,2025-07-30,Late,49,1,19
INV-2026-01241,Yellowstone Mining,Enterprise,DataPipe Solutions,143073.05,2024-12-07,2025-02-05,2025-01-27,Paid,51,0,0
INV-2026-01242,Keystone Energy,Enterprise,DataPipe Solutions,178680.38,2025-09-09,2025-11-08,2025-11-03,Paid,55,0,0
INV-2026-01243,Pinnacle Insurance,Mid-Market,SupplyChain Pro,25468.09,2025-07-28,2025-09-11,2025-09-05,Paid,39,0,0
INV-2026-01244,Xeno Packaging,SMB,FleetManage Co,6720.34,2025-10-10,2025-11-09,2025-11-03,Paid,24,0,0
INV-2026-01245,Westfield Properties,Mid-Market,TradeLedger Finance,23067.42,2026-04-25,2026-06-09,,Outstanding,15,0,0
INV-2026-01246,Summit Financial,Enterprise,InsightOps Ltd,82977.14,2025-08-11,2025-10-10,2025-10-18,Late,68,1,8
INV-2026-01247,Meridian Pharma,Enterprise,TradeLedger Finance,63335.11,2025-06-24,2025-08-23,2025-08-20,Paid,57,0,0
INV-2026-01248,Frontier Tech,SMB,PayFlow Technologies,2592.5,2025-01-15,2025-02-14,2025-02-14,Paid,30,0,0
INV-2026-01249,Acme Logistics,SMB,PayFlow Technologies,2826.67,2025-07-04,2025-08-03,2025-07-27,Paid,23,0,0
INV-2026-01250,Acme Logistics,SMB,InsightOps Ltd,3865.31,2025-12-14,2026-01-13,,Outstanding,147,1,117
INV-2026-01251,Acme Logistics,SMB,TradeLedger Finance,9414.05,2025-09-03,2025-10-03,2025-09-29,Paid,26,0,0
INV-2026-01252,Granite Construction,Enterprise,FleetManage Co,157775.35,2024-12-16,2025-02-14,2025-03-20,Late,94,1,34
INV-2026-01253,Xeno Packaging,SMB,FleetManage Co,8135.28,2025-10-06,2025-11-05,2025-11-01,Paid,26,0,0
INV-2026-01254,Brightline Retail,SMB,InsightOps Ltd,9070.97,2026-02-03,2026-03-05,2026-03-07,Late,32,1,2
INV-2026-01255,Northstar Wholesale,Mid-Market,NetScale Partners,37649.67,2025-08-17,2025-10-01,2025-09-28,Paid,42,0,0
INV-2026-01256,Acme Logistics,SMB,FleetManage Co,4023.7,2025-09-04,2025-10-04,2025-10-02,Paid,28,0,0
INV-2026-01257,Evergreen Health,Mid-Market,GreenLedger Systems,6119.46,2025-07-03,2025-08-17,2025-08-16,Paid,44,0,0
INV-2026-01258,Summit Financial,Enterprise,SupplyChain Pro,68588.08,2026-04-08,2026-06-07,,Outstanding,32,0,0
INV-2026-01259,Delta Manufacturing,Enterprise,GreenLedger Systems,39357.31,2026-04-08,2026-06-07,,Outstanding,32,0,0
INV-2026-01260,Riverstone Hotels,Mid-Market,InsightOps Ltd,39945.59,2026-03-05,2026-04-19,,Outstanding,66,1,21
INV-2026-01261,Northstar Wholesale,Mid-Market,GreenLedger Systems,16786.24,2025-12-02,2026-01-16,2026-02-02,Late,62,1,17
INV-2026-01262,Vertex Biotech,Enterprise,SupplyChain Pro,156225.2,2026-04-21,2026-06-20,,Outstanding,19,0,0
INV-2026-01263,Acme Logistics,SMB,FleetManage Co,5419.21,2025-08-13,2025-09-12,2025-09-02,Paid,20,0,0
INV-2026-01264,Westfield Properties,Mid-Market,PayFlow Technologies,15845.47,2026-03-04,2026-04-18,,Outstanding,67,1,22
INV-2026-01265,Union Transport,Mid-Market,PayFlow Technologies,13912.79,2026-03-06,2026-04-20,2026-04-13,Paid,38,0,0
INV-2026-01266,Ironclad Security,SMB,PayFlow Technologies,2288.96,2025-04-23,2025-05-23,2025-05-23,Paid,30,0,0
INV-2026-01267,Granite Construction,Enterprise,PayFlow Technologies,110883.83,2026-01-25,2026-03-26,2026-03-22,Paid,56,0,0
INV-2026-01268,Lumen Software,SMB,PayFlow Technologies,4356.61,2025-12-03,2026-01-02,2025-12-30,Paid,27,0,0
INV-2026-01269,Frontier Tech,SMB,SupplyChain Pro,9808.73,2026-03-28,2026-04-27,,Outstanding,43,1,13
INV-2026-01270,Delta Manufacturing,Enterprise,GreenLedger Systems,38968.33,2026-04-22,2026-06-21,,Outstanding,18,0,0
INV-2026-01271,Granite Construction,Enterprise,FleetManage Co,139911.01,2025-04-05,2025-06-04,2025-05-29,Paid,54,0,0
INV-2026-01272,Riverstone Hotels,Mid-Market,FleetManage Co,9282.82,2024-12-23,2025-02-06,2025-02-06,Paid,45,0,0
INV-2026-01273,Lumen Software,SMB,InsightOps Ltd,6926.39,2025-03-12,2025-04-11,2025-04-11,Paid,30,0,0
INV-2026-01274,Brightline Retail,SMB,SupplyChain Pro,3004.96,2025-04-06,2025-05-06,2025-04-26,Paid,20,0,0
INV-2026-01275,Summit Financial,Enterprise,InsightOps Ltd,44724.93,2025-10-12,2025-12-11,2025-12-09,Paid,58,0,0
INV-2026-01276,Horizon Media,Mid-Market,CloudServe Inc,28550.67,2024-11-25,2025-01-09,2025-03-14,Late,109,1,64
INV-2026-01277,Yellowstone Mining,Enterprise,SupplyChain Pro,109001.67,2025-04-06,2025-06-05,2025-05-26,Paid,50,0,0
INV-2026-01278,Acme Logistics,SMB,PayFlow Technologies,4489.42,2025-01-23,2025-02-22,2025-03-07,Late,43,1,13
INV-2026-01279,Ironclad Security,SMB,InsightOps Ltd,8708.66,2026-01-17,2026-02-16,2026-02-09,Paid,23,0,0
INV-2026-01280,Westfield Properties,Mid-Market,DataPipe Solutions,20337.99,2025-07-02,2025-08-16,2025-08-07,Paid,36,0,0
INV-2026-01281,Brightline Retail,SMB,GreenLedger Systems,4820.49,2026-01-03,2026-02-02,2026-02-02,Paid,30,0,0
INV-2026-01282,Quantum Analytics,SMB,DataPipe Solutions,7730.67,2025-08-13,2025-09-12,2025-09-12,Paid,30,0,0
INV-2026-01283,Juniper Consulting,Mid-Market,SupplyChain Pro,21437.18,2026-04-09,2026-05-24,,Outstanding,31,0,0
INV-2026-01284,Yellowstone Mining,Enterprise,PayFlow Technologies,169113.81,2025-12-09,2026-02-07,2026-02-06,Paid,59,0,0
INV-2026-01285,Juniper Consulting,Mid-Market,TradeLedger Finance,38821.79,2026-02-20,2026-04-06,,Outstanding,79,1,34
INV-2026-01286,Horizon Media,Mid-Market,NetScale Partners,5190.06,2025-02-23,2025-04-09,2025-03-30,Paid,35,0,0
INV-2026-01287,Terra Farms,SMB,FleetManage Co,7776.02,2024-12-23,2025-01-22,2025-02-26,Late,65,1,35
INV-2026-01288,Brightline Retail,SMB,NetScale Partners,2678.14,2025-03-12,2025-04-11,2025-04-03,Paid,22,0,0
INV-2026-01289,Meridian Pharma,Enterprise,WorkCapital Hub,169570.81,2025-10-04,2025-12-03,2025-11-27,Paid,54,0,0
INV-2026-01290,Yellowstone Mining,Enterprise,PayFlow Technologies,162443.87,2025-11-04,2026-01-03,,Outstanding,187,1,127
INV-2026-01291,Union Transport,Mid-Market,SupplyChain Pro,15254.05,2026-01-29,2026-03-15,2026-03-12,Paid,42,0,0
INV-2026-01292,Delta Manufacturing,Enterprise,PayFlow Technologies,135073.63,2025-04-19,2025-06-18,2025-06-10,Paid,52,0,0
INV-2026-01293,Meridian Pharma,Enterprise,InsightOps Ltd,31638.65,2025-09-23,2025-11-22,2025-11-21,Paid,59,0,0
INV-2026-01294,Northstar Wholesale,Mid-Market,InsightOps Ltd,40981.21,2025-12-06,2026-01-20,2026-01-10,Paid,35,0,0
INV-2026-01295,Westfield Properties,Mid-Market,PayFlow Technologies,40847.35,2025-06-15,2025-07-30,2025-07-24,Paid,39,0,0
INV-2026-01296,Terra Farms,SMB,DataPipe Solutions,11407.98,2025-12-28,2026-01-27,2026-01-19,Paid,22,0,0
INV-2026-01297,Orion Aerospace,Enterprise,WorkCapital Hub,158914.37,2026-01-30,2026-03-31,,Outstanding,100,1,40
INV-2026-01298,Cascade Foods,Mid-Market,NetScale Partners,24165.4,2025-05-18,2025-07-02,2025-07-02,Paid,45,0,0
INV-2026-01299,Acme Logistics,SMB,NetScale Partners,1090.95,2026-03-15,2026-04-14,2026-04-08,Paid,24,0,0
INV-2026-01300,Frontier Tech,SMB,FleetManage Co,8381.0,2025-09-29,2025-10-29,2025-11-24,Late,56,1,26
INV-2026-01301,Meridian Pharma,Enterprise,FleetManage Co,76308.43,2026-01-02,2026-03-03,2026-02-27,Paid,56,0,0
INV-2026-01302,Granite Construction,Enterprise,SupplyChain Pro,62973.08,2026-04-11,2026-06-10,,Outstanding,29,0,0
INV-2026-01303,Ironclad Security,SMB,GreenLedger Systems,7420.85,2026-04-19,2026-05-19,,Outstanding,21,0,0
INV-2026-01304,Lumen Software,SMB,TradeLedger Finance,5609.77,2024-11-16,2024-12-16,2024-12-26,Late,40,1,10
INV-2026-01305,Orion Aerospace,Enterprise,FleetManage Co,155241.16,2025-02-15,2025-04-16,2025-04-14,Paid,58,0,0
INV-2026-01306,Riverstone Hotels,Mid-Market,SupplyChain Pro,26984.55,2025-12-07,2026-01-21,2026-01-15,Paid,39,0,0
INV-2026-01307,Xeno Packaging,SMB,GreenLedger Systems,11282.4,2026-03-21,2026-04-20,2026-04-14,Paid,24,0,0
INV-2026-01308,Westfield Properties,Mid-Market,SupplyChain Pro,30852.65,2025-12-04,2026-01-18,2026-01-14,Paid,41,0,0
INV-2026-01309,Lumen Software,SMB,WorkCapital Hub,2227.97,2026-04-07,2026-05-07,,Outstanding,33,1,3
INV-2026-01310,Acme Logistics,SMB,InsightOps Ltd,3343.38,2025-07-03,2025-08-02,2025-07-24,Paid,21,0,0
INV-2026-01311,Summit Financial,Enterprise,PayFlow Technologies,176660.5,2024-11-20,2025-01-19,2025-01-16,Paid,57,0,0
INV-2026-01312,Horizon Media,Mid-Market,DataPipe Solutions,10036.83,2024-12-27,2025-02-10,2025-02-02,Paid,37,0,0
INV-2026-01313,Orion Aerospace,Enterprise,DataPipe Solutions,77566.7,2025-07-23,2025-09-21,,Outstanding,291,1,231
INV-2026-01314,Granite Construction,Enterprise,WorkCapital Hub,158140.09,2026-03-02,2026-05-01,,Outstanding,69,1,9
INV-2026-01315,Union Transport,Mid-Market,SupplyChain Pro,42262.19,2025-08-28,2025-10-12,2025-11-11,Late,75,1,30
INV-2026-01316,Acme Logistics,SMB,PayFlow Technologies,1092.62,2025-12-12,2026-01-11,2026-01-03,Paid,22,0,0
INV-2026-01317,Juniper Consulting,Mid-Market,DataPipe Solutions,15406.92,2025-10-07,2025-11-21,2025-11-21,Paid,45,0,0
INV-2026-01318,Summit Financial,Enterprise,GreenLedger Systems,76671.17,2026-04-06,2026-06-05,,Outstanding,34,0,0
INV-2026-01319,Xeno Packaging,SMB,InsightOps Ltd,2988.2,2025-09-24,2025-10-24,2025-10-18,Paid,24,0,0
INV-2026-01320,Terra Farms,SMB,TradeLedger Finance,5729.34,2025-11-28,2025-12-28,2025-12-18,Paid,20,0,0
INV-2026-01321,Evergreen Health,Mid-Market,SupplyChain Pro,21776.13,2026-02-04,2026-03-21,2026-04-18,Late,73,1,28
INV-2026-01322,Horizon Media,Mid-Market,PayFlow Technologies,15371.68,2025-05-09,2025-06-23,2025-06-21,Paid,43,0,0
INV-2026-01323,Quantum Analytics,SMB,NetScale Partners,3111.95,2025-09-27,2025-10-27,2025-11-23,Late,57,1,27
INV-2026-01324,Frontier Tech,SMB,TradeLedger Finance,10719.28,2025-08-24,2025-09-23,2025-09-15,Paid,22,0,0
INV-2026-01325,Pinnacle Insurance,Mid-Market,FleetManage Co,18790.97,2025-03-11,2025-04-25,2025-04-17,Paid,37,0,0
INV-2026-01326,Horizon Media,Mid-Market,FleetManage Co,31880.92,2025-03-16,2025-04-30,2025-04-29,Paid,44,0,0
INV-2026-01327,Evergreen Health,Mid-Market,PayFlow Technologies,26585.84,2025-11-30,2026-01-14,,Outstanding,161,1,116
INV-2026-01328,Yellowstone Mining,Enterprise,FleetManage Co,113608.45,2026-03-13,2026-05-12,,Outstanding,58,0,0
INV-2026-01329,Yellowstone Mining,Enterprise,GreenLedger Systems,30260.63,2025-12-28,2026-02-26,2026-02-26,Paid,60,0,0
INV-2026-01330,Quantum Analytics,SMB,DataPipe Solutions,9778.76,2025-06-27,2025-07-27,2025-07-17,Paid,20,0,0
INV-2026-01331,Pinnacle Insurance,Mid-Market,GreenLedger Systems,13512.52,2025-02-04,2025-03-21,2025-03-16,Paid,40,0,0
INV-2026-01332,Acme Logistics,SMB,SupplyChain Pro,7442.81,2025-02-05,2025-03-07,2025-03-07,Paid,30,0,0
INV-2026-01333,Juniper Consulting,Mid-Market,SupplyChain Pro,43437.45,2025-11-13,2025-12-28,2025-12-21,Paid,38,0,0
INV-2026-01334,Quantum Analytics,SMB,DataPipe Solutions,1504.71,2026-02-08,2026-03-10,2026-03-06,Paid,26,0,0
INV-2026-01335,Keystone Energy,Enterprise,FleetManage Co,146460.67,2026-01-16,2026-03-17,2026-03-15,Paid,58,0,0
INV-2026-01336,Granite Construction,Enterprise,DataPipe Solutions,50241.32,2025-06-26,2025-08-25,2025-08-16,Paid,51,0,0
INV-2026-01337,Frontier Tech,SMB,NetScale Partners,10809.84,2025-03-08,2025-04-07,2025-03-31,Paid,23,0,0
INV-2026-01338,Orion Aerospace,Enterprise,GreenLedger Systems,34166.75,2025-11-11,2026-01-10,2026-01-03,Paid,53,0,0
INV-2026-01339,Acme Logistics,SMB,InsightOps Ltd,2532.47,2026-04-09,2026-05-09,,Outstanding,31,1,1
INV-2026-01340,Juniper Consulting,Mid-Market,CloudServe Inc,10535.62,2024-12-06,2025-01-20,2025-01-10,Paid,35,0,0
INV-2026-01341,Riverstone Hotels,Mid-Market,NetScale Partners,14980.01,2025-12-27,2026-02-10,2026-02-02,Paid,37,0,0
INV-2026-01342,Juniper Consulting,Mid-Market,PayFlow Technologies,42586.12,2024-12-09,2025-01-23,2025-01-13,Paid,35,0,0
INV-2026-01343,Xeno Packaging,SMB,GreenLedger Systems,4712.21,2026-04-28,2026-05-28,,Outstanding,12,0,0
INV-2026-01344,Yellowstone Mining,Enterprise,SupplyChain Pro,82578.11,2025-12-07,2026-02-05,2026-02-02,Paid,57,0,0
INV-2026-01345,Xeno Packaging,SMB,NetScale Partners,7443.92,2026-01-16,2026-02-15,2026-02-08,Paid,23,0,0
INV-2026-01346,Cascade Foods,Mid-Market,WorkCapital Hub,41597.56,2025-10-24,2025-12-08,2025-11-29,Paid,36,0,0
INV-2026-01347,Summit Financial,Enterprise,TradeLedger Finance,26333.77,2026-04-10,2026-06-09,,Outstanding,30,0,0
INV-2026-01348,Quantum Analytics,SMB,WorkCapital Hub,4658.36,2024-12-10,2025-01-09,2025-01-02,Paid,23,0,0
INV-2026-01349,Frontier Tech,SMB,PayFlow Technologies,2137.65,2025-09-22,2025-10-22,2025-10-17,Paid,25,0,0
INV-2026-01350,Juniper Consulting,Mid-Market,NetScale Partners,6243.64,2026-04-23,2026-06-07,,Outstanding,17,0,0
INV-2026-01351,Ironclad Security,SMB,SupplyChain Pro,1209.27,2025-12-22,2026-01-21,2026-02-04,Late,44,1,14
INV-2026-01352,Xeno Packaging,SMB,SupplyChain Pro,8632.93,2025-08-05,2025-09-04,2025-09-03,Paid,29,0,0
INV-2026-01353,Lumen Software,SMB,FleetManage Co,1699.14,2025-04-26,2025-05-26,2025-06-04,Late,39,1,9
INV-2026-01354,Riverstone Hotels,Mid-Market,FleetManage Co,21010.74,2025-04-26,2025-06-10,2025-08-02,Late,98,1,53
INV-2026-01355,Orion Aerospace,Enterprise,SupplyChain Pro,153957.25,2025-05-15,2025-07-14,2025-07-11,Paid,57,0,0
INV-2026-01356,Delta Manufacturing,Enterprise,SupplyChain Pro,165107.62,2025-02-25,2025-04-26,2025-04-16,Paid,50,0,0
INV-2026-01357,Evergreen Health,Mid-Market,DataPipe Solutions,9620.85,2025-08-26,2025-10-10,2025-10-08,Paid,43,0,0
INV-2026-01358,Riverstone Hotels,Mid-Market,DataPipe Solutions,19915.67,2026-03-17,2026-05-01,2026-04-30,Paid,44,0,0
INV-2026-01359,Horizon Media,Mid-Market,FleetManage Co,9681.97,2025-12-29,2026-02-12,2026-02-05,Paid,38,0,0
INV-2026-01360,Westfield Properties,Mid-Market,InsightOps Ltd,28057.92,2025-06-22,2025-08-06,2025-07-31,Paid,39,0,0
INV-2026-01361,Juniper Consulting,Mid-Market,DataPipe Solutions,27654.14,2025-07-02,2025-08-16,2025-08-12,Paid,41,0,0
INV-2026-01362,Ironclad Security,SMB,GreenLedger Systems,7138.49,2025-05-03,2025-06-02,2025-05-29,Paid,26,0,0
INV-2026-01363,Lumen Software,SMB,TradeLedger Finance,6848.9,2024-12-24,2025-01-23,2025-01-20,Paid,27,0,0
INV-2026-01364,Yellowstone Mining,Enterprise,PayFlow Technologies,51265.24,2026-03-08,2026-05-07,2026-05-05,Paid,58,0,0
INV-2026-01365,Xeno Packaging,SMB,WorkCapital Hub,8780.85,2026-04-27,2026-05-27,,Outstanding,13,0,0
INV-2026-01366,Riverstone Hotels,Mid-Market,PayFlow Technologies,16775.23,2025-01-31,2025-03-17,2025-03-12,Paid,40,0,0
INV-2026-01367,Xeno Packaging,SMB,TradeLedger Finance,1847.54,2026-03-31,2026-04-30,,Outstanding,40,1,10
INV-2026-01368,Acme Logistics,SMB,SupplyChain Pro,11626.98,2026-02-14,2026-03-16,2026-03-11,Paid,25,0,0
INV-2026-01369,Orion Aerospace,Enterprise,TradeLedger Finance,28898.76,2025-09-24,2025-11-23,2025-11-19,Paid,56,0,0
INV-2026-01370,Terra Farms,SMB,SupplyChain Pro,9744.45,2025-11-02,2025-12-02,2026-01-06,Late,65,1,35
INV-2026-01371,Terra Farms,SMB,DataPipe Solutions,5422.85,2025-11-17,2025-12-17,2025-12-31,Late,44,1,14
INV-2026-01372,Keystone Energy,Enterprise,WorkCapital Hub,147799.31,2025-10-17,2025-12-16,2026-02-15,Late,121,1,61
INV-2026-01373,Delta Manufacturing,Enterprise,NetScale Partners,37235.65,2025-04-09,2025-06-08,2025-06-08,Paid,60,0,0
INV-2026-01374,Quantum Analytics,SMB,FleetManage Co,8141.82,2025-11-30,2025-12-30,2025-12-26,Paid,26,0,0
INV-2026-01375,Quantum Analytics,SMB,GreenLedger Systems,6435.1,2025-09-24,2025-10-24,2025-10-19,Paid,25,0,0
INV-2026-01376,Lumen Software,SMB,NetScale Partners,1086.27,2025-03-19,2025-04-18,2025-04-16,Paid,28,0,0
INV-2026-01377,Terra Farms,SMB,InsightOps Ltd,9879.89,2025-07-20,2025-08-19,,Outstanding,294,1,264
INV-2026-01378,Union Transport,Mid-Market,FleetManage Co,38527.04,2026-01-15,2026-03-01,2026-04-06,Late,81,1,36
INV-2026-01379,Terra Farms,SMB,TradeLedger Finance,11235.07,2025-01-17,2025-02-16,2025-02-13,Paid,27,0,0
INV-2026-01380,Pinnacle Insurance,Mid-Market,WorkCapital Hub,41573.1,2025-10-21,2025-12-05,2026-01-08,Late,79,1,34
INV-2026-01381,Acme Logistics,SMB,FleetManage Co,7505.87,2026-02-21,2026-03-23,2026-03-21,Paid,28,0,0
INV-2026-01382,Orion Aerospace,Enterprise,CloudServe Inc,102598.09,2025-05-13,2025-07-12,2025-07-05,Paid,53,0,0
INV-2026-01383,Orion Aerospace,Enterprise,FleetManage Co,110325.27,2025-10-17,2025-12-16,2025-12-16,Paid,60,0,0
INV-2026-01384,Juniper Consulting,Mid-Market,FleetManage Co,10447.51,2025-12-18,2026-02-01,2026-02-01,Paid,45,0,0
INV-2026-01385,Riverstone Hotels,Mid-Market,WorkCapital Hub,30682.14,2026-04-13,2026-05-28,,Outstanding,27,0,0
INV-2026-01386,Xeno Packaging,SMB,DataPipe Solutions,2047.49,2024-11-26,2024-12-26,2025-01-28,Late,63,1,33
INV-2026-01387,Granite Construction,Enterprise,NetScale Partners,73690.89,2024-12-24,2025-02-22,2025-02-14,Paid,52,0,0
INV-2026-01388,Meridian Pharma,Enterprise,GreenLedger Systems,140256.68,2026-02-23,2026-04-24,2026-04-22,Paid,58,0,0
INV-2026-01389,Quantum Analytics,SMB,TradeLedger Finance,9667.88,2025-04-02,2025-05-02,2025-04-30,Paid,28,0,0
INV-2026-01390,Summit Financial,Enterprise,InsightOps Ltd,62793.98,2025-04-26,2025-06-25,2025-06-21,Paid,56,0,0
INV-2026-01391,Lumen Software,SMB,WorkCapital Hub,9693.24,2026-03-26,2026-04-25,2026-04-20,Paid,25,0,0
INV-2026-01392,Union Transport,Mid-Market,DataPipe Solutions,5903.09,2025-06-20,2025-08-04,2025-07-25,Paid,35,0,0
INV-2026-01393,Lumen Software,SMB,NetScale Partners,6785.12,2025-09-27,2025-10-27,,Outstanding,225,1,195
INV-2026-01394,Vertex Biotech,Enterprise,CloudServe Inc,92876.96,2025-09-27,2025-11-26,2025-11-19,Paid,53,0,0
INV-2026-01395,Northstar Wholesale,Mid-Market,CloudServe Inc,23260.36,2025-09-26,2025-11-10,,Outstanding,226,1,181
INV-2026-01396,Horizon Media,Mid-Market,NetScale Partners,30977.51,2026-01-07,2026-02-21,2026-02-20,Paid,44,0,0
INV-2026-01397,Terra Farms,SMB,FleetManage Co,11864.41,2024-12-13,2025-01-12,2025-01-12,Paid,30,0,0
INV-2026-01398,Acme Logistics,SMB,PayFlow Technologies,2618.55,2025-12-23,2026-01-22,2026-01-19,Paid,27,0,0
INV-2026-01399,Vertex Biotech,Enterprise,DataPipe Solutions,123246.26,2024-12-23,2025-02-21,2025-02-20,Paid,59,0,0
INV-2026-01400,Vertex Biotech,Enterprise,GreenLedger Systems,118162.8,2025-12-13,2026-02-11,2026-02-08,Paid,57,0,0
INV-2026-01401,Union Transport,Mid-Market,NetScale Partners,41223.4,2024-12-12,2025-01-26,2025-01-18,Paid,37,0,0
INV-2026-01402,Ironclad Security,SMB,FleetManage Co,7935.57,2025-08-22,2025-09-21,2025-09-18,Paid,27,0,0
INV-2026-01403,Summit Financial,Enterprise,CloudServe Inc,27241.94,2025-06-15,2025-08-14,2025-08-06,Paid,52,0,0
INV-2026-01404,Evergreen Health,Mid-Market,InsightOps Ltd,20175.44,2025-05-07,2025-06-21,2025-06-15,Paid,39,0,0
INV-2026-01405,Acme Logistics,SMB,GreenLedger Systems,11426.25,2025-10-30,2025-11-29,2025-12-09,Late,40,1,10
INV-2026-01406,Horizon Media,Mid-Market,FleetManage Co,24639.19,2025-03-08,2025-04-22,2025-04-15,Paid,38,0,0
INV-2026-01407,Juniper Consulting,Mid-Market,FleetManage Co,31262.03,2025-05-20,2025-07-04,2025-07-04,Paid,45,0,0
INV-2026-01408,Orion Aerospace,Enterprise,GreenLedger Systems,79187.68,2025-03-27,2025-05-26,2025-08-14,Late,140,1,80
INV-2026-01409,Delta Manufacturing,Enterprise,PayFlow Technologies,145310.35,2025-12-14,2026-02-12,2026-03-18,Late,94,1,34
INV-2026-01410,Pinnacle Insurance,Mid-Market,CloudServe Inc,36243.62,2025-07-16,2025-08-30,2025-09-15,Late,61,1,16
INV-2026-01411,Union Transport,Mid-Market,NetScale Partners,5457.16,2026-01-13,2026-02-27,,Outstanding,117,1,72
INV-2026-01412,Cascade Foods,Mid-Market,DataPipe Solutions,10988.88,2026-01-18,2026-03-04,2026-02-24,Paid,37,0,0
INV-2026-01413,Keystone Energy,Enterprise,InsightOps Ltd,57551.02,2025-04-14,2025-06-13,2025-06-04,Paid,51,0,0
INV-2026-01414,Orion Aerospace,Enterprise,DataPipe Solutions,30496.1,2025-01-24,2025-03-25,2025-03-20,Paid,55,0,0
INV-2026-01415,Juniper Consulting,Mid-Market,GreenLedger Systems,5157.74,2026-01-14,2026-02-28,,Outstanding,116,1,71
INV-2026-01416,Evergreen Health,Mid-Market,TradeLedger Finance,6585.09,2025-09-27,2025-11-11,2025-11-01,Paid,35,0,0
INV-2026-01417,Summit Financial,Enterprise,DataPipe Solutions,168431.25,2025-04-23,2025-06-22,2025-06-20,Paid,58,0,0
INV-2026-01418,Delta Manufacturing,Enterprise,WorkCapital Hub,107305.88,2026-04-13,2026-06-12,,Outstanding,27,0,0
INV-2026-01419,Terra Farms,SMB,InsightOps Ltd,4553.81,2024-12-26,2025-01-25,2025-01-18,Paid,23,0,0
INV-2026-01420,Acme Logistics,SMB,PayFlow Technologies,8914.11,2025-12-14,2026-01-13,2026-01-10,Paid,27,0,0
INV-2026-01421,Riverstone Hotels,Mid-Market,TradeLedger Finance,26815.17,2026-01-10,2026-02-24,2026-02-23,Paid,44,0,0
INV-2026-01422,Terra Farms,SMB,DataPipe Solutions,3465.95,2025-03-07,2025-04-06,2025-05-13,Late,67,1,37
INV-2026-01423,Juniper Consulting,Mid-Market,TradeLedger Finance,9064.62,2025-03-13,2025-04-27,2025-04-19,Paid,37,0,0
INV-2026-01424,Juniper Consulting,Mid-Market,WorkCapital Hub,44380.46,2025-12-22,2026-02-05,2026-03-04,Late,72,1,27
INV-2026-01425,Cascade Foods,Mid-Market,NetScale Partners,35098.76,2025-04-10,2025-05-25,2025-05-25,Paid,45,0,0
INV-2026-01426,Lumen Software,SMB,FleetManage Co,7474.77,2026-01-20,2026-02-19,2026-02-10,Paid,21,0,0
INV-2026-01427,Lumen Software,SMB,TradeLedger Finance,7699.8,2025-12-13,2026-01-12,2026-01-11,Paid,29,0,0
INV-2026-01428,Union Transport,Mid-Market,NetScale Partners,27379.63,2025-02-19,2025-04-05,2025-03-29,Paid,38,0,0
INV-2026-01429,Pinnacle Insurance,Mid-Market,WorkCapital Hub,12106.87,2025-05-13,2025-06-27,2025-07-06,Late,54,1,9
INV-2026-01430,Frontier Tech,SMB,WorkCapital Hub,1064.8,2025-06-16,2025-07-16,2025-07-14,Paid,28,0,0
INV-2026-01431,Westfield Properties,Mid-Market,TradeLedger Finance,43503.51,2026-02-03,2026-03-20,2026-03-15,Paid,40,0,0
INV-2026-01432,Northstar Wholesale,Mid-Market,PayFlow Technologies,40851.23,2026-01-17,2026-03-03,2026-03-01,Paid,43,0,0
INV-2026-01433,Summit Financial,Enterprise,DataPipe Solutions,160756.02,2025-12-19,2026-02-17,2026-02-12,Paid,55,0,0
INV-2026-01434,Summit Financial,Enterprise,GreenLedger Systems,111121.39,2026-04-13,2026-06-12,,Outstanding,27,0,0
INV-2026-01435,Ironclad Security,SMB,DataPipe Solutions,8989.42,2024-12-30,2025-01-29,2025-01-19,Paid,20,0,0
INV-2026-01436,Juniper Consulting,Mid-Market,TradeLedger Finance,28963.14,2025-01-29,2025-03-15,2025-03-12,Paid,42,0,0
INV-2026-01437,Frontier Tech,SMB,DataPipe Solutions,11737.05,2025-10-01,2025-10-31,2025-11-12,Late,42,1,12
INV-2026-01438,Summit Financial,Enterprise,FleetManage Co,53556.48,2025-10-04,2025-12-03,2025-12-03,Paid,60,0,0
INV-2026-01439,Ironclad Security,SMB,CloudServe Inc,5139.12,2025-03-07,2025-04-06,2025-03-27,Paid,20,0,0
INV-2026-01440,Meridian Pharma,Enterprise,NetScale Partners,87963.19,2025-07-29,2025-09-27,2025-09-25,Paid,58,0,0
INV-2026-01441,Evergreen Health,Mid-Market,TradeLedger Finance,35959.95,2026-03-03,2026-04-17,,Outstanding,68,1,23
INV-2026-01442,Horizon Media,Mid-Market,FleetManage Co,11879.87,2026-04-28,2026-06-12,,Outstanding,12,0,0
INV-2026-01443,Xeno Packaging,SMB,FleetManage Co,6396.66,2026-01-22,2026-02-21,2026-03-21,Late,58,1,28
INV-2026-01444,Orion Aerospace,Enterprise,FleetManage Co,146456.34,2026-02-06,2026-04-07,2026-04-05,Paid,58,0,0
INV-2026-01445,Granite Construction,Enterprise,TradeLedger Finance,62028.1,2025-03-03,2025-05-02,2025-04-26,Paid,54,0,0
INV-2026-01446,Evergreen Health,Mid-Market,SupplyChain Pro,36355.74,2024-12-31,2025-02-14,2025-02-06,Paid,37,0,0
INV-2026-01447,Frontier Tech,SMB,FleetManage Co,5760.33,2026-03-23,2026-04-22,2026-04-16,Paid,24,0,0
INV-2026-01448,Meridian Pharma,Enterprise,WorkCapital Hub,91852.17,2025-04-09,2025-06-08,2025-06-04,Paid,56,0,0
INV-2026-01449,Frontier Tech,SMB,CloudServe Inc,5395.12,2025-03-02,2025-04-01,2025-05-10,Late,69,1,39
INV-2026-01450,Ironclad Security,SMB,SupplyChain Pro,9185.79,2025-11-19,2025-12-19,2026-01-08,Late,50,1,20
INV-2026-01451,Ironclad Security,SMB,InsightOps Ltd,2383.12,2026-03-02,2026-04-01,2026-03-28,Paid,26,0,0
INV-2026-01452,Xeno Packaging,SMB,DataPipe Solutions,5697.33,2026-04-08,2026-05-08,,Outstanding,32,1,2
INV-2026-01453,Cascade Foods,Mid-Market,WorkCapital Hub,36437.06,2025-04-29,2025-06-13,2025-06-18,Late,50,1,5
INV-2026-01454,Summit Financial,Enterprise,DataPipe Solutions,70744.53,2025-06-12,2025-08-11,2025-08-05,Paid,54,0,0
INV-2026-01455,Yellowstone Mining,Enterprise,PayFlow Technologies,129340.64,2025-11-17,2026-01-16,2026-02-28,Late,103,1,43
INV-2026-01456,Pinnacle Insurance,Mid-Market,DataPipe Solutions,33253.96,2025-06-26,2025-08-10,2025-08-02,Paid,37,0,0
INV-2026-01457,Evergreen Health,Mid-Market,TradeLedger Finance,41517.11,2026-04-07,2026-05-22,,Outstanding,33,0,0
INV-2026-01458,Juniper Consulting,Mid-Market,DataPipe Solutions,16924.76,2026-04-20,2026-06-04,,Outstanding,20,0,0
INV-2026-01459,Westfield Properties,Mid-Market,WorkCapital Hub,26299.71,2025-12-10,2026-01-24,2026-01-21,Paid,42,0,0
INV-2026-01460,Union Transport,Mid-Market,DataPipe Solutions,16239.12,2025-08-12,2025-09-26,2025-11-04,Late,84,1,39
INV-2026-01461,Juniper Consulting,Mid-Market,TradeLedger Finance,10653.52,2025-02-10,2025-03-27,2025-03-26,Paid,44,0,0
INV-2026-01462,Xeno Packaging,SMB,DataPipe Solutions,11697.32,2025-01-20,2025-02-19,2025-02-18,Paid,29,0,0
INV-2026-01463,Granite Construction,Enterprise,TradeLedger Finance,26376.43,2024-12-06,2025-02-04,2025-03-20,Late,104,1,44
INV-2026-01464,Northstar Wholesale,Mid-Market,CloudServe Inc,22949.66,2026-02-25,2026-04-11,2026-04-08,Paid,42,0,0
INV-2026-01465,Horizon Media,Mid-Market,GreenLedger Systems,20677.02,2026-04-26,2026-06-10,,Outstanding,14,0,0
INV-2026-01466,Granite Construction,Enterprise,WorkCapital Hub,106221.38,2025-07-08,2025-09-06,2025-09-01,Paid,55,0,0
INV-2026-01467,Acme Logistics,SMB,GreenLedger Systems,11077.27,2025-10-22,2025-11-21,2025-11-11,Paid,20,0,0
INV-2026-01468,Lumen Software,SMB,WorkCapital Hub,4837.42,2025-04-20,2025-05-20,,Outstanding,385,1,355
INV-2026-01469,Cascade Foods,Mid-Market,InsightOps Ltd,29293.32,2025-03-12,2025-04-26,2025-05-05,Late,54,1,9
INV-2026-01470,Granite Construction,Enterprise,SupplyChain Pro,38825.29,2025-06-24,2025-08-23,2025-08-18,Paid,55,0,0
INV-2026-01471,Granite Construction,Enterprise,InsightOps Ltd,154400.15,2025-10-25,2025-12-24,2025-12-19,Paid,55,0,0
INV-2026-01472,Evergreen Health,Mid-Market,PayFlow Technologies,29125.21,2026-01-15,2026-03-01,2026-02-26,Paid,42,0,0
INV-2026-01473,Delta Manufacturing,Enterprise,SupplyChain Pro,74861.63,2025-05-22,2025-07-21,2025-07-13,Paid,52,0,0
INV-2026-01474,Orion Aerospace,Enterprise,TradeLedger Finance,77017.67,2025-07-07,2025-09-05,2025-09-02,Paid,57,0,0
INV-2026-01475,Cascade Foods,Mid-Market,CloudServe Inc,8723.09,2026-03-14,2026-04-28,2026-04-20,Paid,37,0,0
INV-2026-01476,Northstar Wholesale,Mid-Market,CloudServe Inc,26660.42,2025-12-20,2026-02-03,2026-03-03,Late,73,1,28
INV-2026-01477,Frontier Tech,SMB,GreenLedger Systems,5140.95,2026-02-03,2026-03-05,2026-03-01,Paid,26,0,0
INV-2026-01478,Horizon Media,Mid-Market,GreenLedger Systems,33665.72,2026-05-01,2026-06-15,,Outstanding,9,0,0
INV-2026-01479,Frontier Tech,SMB,InsightOps Ltd,11823.66,2025-07-16,2025-08-15,2025-08-13,Paid,28,0,0
INV-2026-01480,Brightline Retail,SMB,FleetManage Co,7728.34,2025-02-03,2025-03-05,2025-02-24,Paid,21,0,0
INV-2026-01481,Yellowstone Mining,Enterprise,GreenLedger Systems,158285.5,2026-01-15,2026-03-16,2026-03-15,Paid,59,0,0
INV-2026-01482,Pinnacle Insurance,Mid-Market,DataPipe Solutions,8745.71,2025-06-16,2025-07-31,2025-07-24,Paid,38,0,0
INV-2026-01483,Orion Aerospace,Enterprise,WorkCapital Hub,101878.66,2024-12-04,2025-02-02,2025-01-23,Paid,50,0,0
INV-2026-01484,Delta Manufacturing,Enterprise,WorkCapital Hub,129755.05,2025-07-09,2025-09-07,,Outstanding,305,1,245
INV-2026-01485,Riverstone Hotels,Mid-Market,GreenLedger Systems,19710.12,2025-07-23,2025-09-06,2025-08-29,Paid,37,0,0
INV-2026-01486,Ironclad Security,SMB,FleetManage Co,11041.57,2025-08-24,2025-09-23,2025-10-06,Late,43,1,13
INV-2026-01487,Frontier Tech,SMB,InsightOps Ltd,10497.29,2025-06-24,2025-07-24,2025-07-18,Paid,24,0,0
INV-2026-01488,Frontier Tech,SMB,DataPipe Solutions,2195.6,2025-06-18,2025-07-18,2025-07-11,Paid,23,0,0
INV-2026-01489,Juniper Consulting,Mid-Market,InsightOps Ltd,11407.1,2025-11-16,2025-12-31,2025-12-22,Paid,36,0,0
INV-2026-01490,Brightline Retail,SMB,FleetManage Co,1918.07,2025-05-16,2025-06-15,2025-06-05,Paid,20,0,0
INV-2026-01491,Summit Financial,Enterprise,PayFlow Technologies,119257.06,2025-01-23,2025-03-24,2025-03-24,Paid,60,0,0
INV-2026-01492,Lumen Software,SMB,GreenLedger Systems,3695.13,2025-01-18,2025-02-17,2025-03-02,Late,43,1,13
INV-2026-01493,Orion Aerospace,Enterprise,SupplyChain Pro,102349.36,2025-04-16,2025-06-15,2025-06-07,Paid,52,0,0
INV-2026-01494,Lumen Software,SMB,FleetManage Co,10244.45,2025-04-30,2025-05-30,2025-05-23,Paid,23,0,0
INV-2026-01495,Granite Construction,Enterprise,SupplyChain Pro,45905.79,2025-12-23,2026-02-21,2026-05-03,Late,131,1,71
INV-2026-01496,Westfield Properties,Mid-Market,CloudServe Inc,44108.38,2024-11-24,2025-01-08,2025-01-06,Paid,43,0,0
INV-2026-01497,Riverstone Hotels,Mid-Market,CloudServe Inc,36002.79,2024-12-12,2025-01-26,2025-01-26,Paid,45,0,0
INV-2026-01498,Quantum Analytics,SMB,GreenLedger Systems,10984.59,2026-01-18,2026-02-17,2026-02-10,Paid,23,0,0
INV-2026-01499,Frontier Tech,SMB,CloudServe Inc,11563.43,2025-11-19,2025-12-19,2025-12-15,Paid,26,0,0
INV-2026-01500,Terra Farms,SMB,PayFlow Technologies,7450.63,2025-04-01,2025-05-01,2025-04-25,Paid,24,0,0
INV-2026-01501,Evergreen Health,Mid-Market,TradeLedger Finance,18715.04,2026-02-06,2026-03-23,2026-03-16,Paid,38,0,0
INV-2026-01502,Evergreen Health,Mid-Market,WorkCapital Hub,41000.44,2025-03-09,2025-04-23,2025-04-17,Paid,39,0,0
INV-2026-01503,Keystone Energy,Enterprise,InsightOps Ltd,156778.54,2025-01-16,2025-03-17,2025-03-09,Paid,52,0,0
INV-2026-01504,Summit Financial,Enterprise,SupplyChain Pro,142312.57,2025-04-28,2025-06-27,2025-06-26,Paid,59,0,0
INV-2026-01505,Pinnacle Insurance,Mid-Market,NetScale Partners,6856.14,2024-11-26,2025-01-10,2024-12-31,Paid,35,0,0
INV-2026-01506,Xeno Packaging,SMB,PayFlow Technologies,2787.21,2025-03-19,2025-04-18,2025-06-01,Late,74,1,44
INV-2026-01507,Vertex Biotech,Enterprise,TradeLedger Finance,37327.26,2024-12-23,2025-02-21,2025-02-17,Paid,56,0,0
INV-2026-01508,Riverstone Hotels,Mid-Market,DataPipe Solutions,20692.34,2024-12-31,2025-02-14,2025-02-04,Paid,35,0,0
INV-2026-01509,Quantum Analytics,SMB,InsightOps Ltd,3542.55,2025-01-06,2025-02-05,2025-03-12,Late,65,1,35
INV-2026-01510,Northstar Wholesale,Mid-Market,WorkCapital Hub,14072.94,2025-09-14,2025-10-29,2025-11-20,Late,67,1,22
INV-2026-01511,Orion Aerospace,Enterprise,InsightOps Ltd,39803.14,2026-01-26,2026-03-27,2026-03-20,Paid,53,0,0
INV-2026-01512,Delta Manufacturing,Enterprise,NetScale Partners,107171.64,2025-05-13,2025-07-12,2025-09-11,Late,121,1,61
INV-2026-01513,Brightline Retail,SMB,GreenLedger Systems,1328.36,2026-03-03,2026-04-02,2026-03-29,Paid,26,0,0
INV-2026-01514,Quantum Analytics,SMB,DataPipe Solutions,6940.49,2025-02-11,2025-03-13,2025-03-12,Paid,29,0,0
INV-2026-01515,Brightline Retail,SMB,TradeLedger Finance,7858.85,2024-11-18,2024-12-18,2024-12-11,Paid,23,0,0
INV-2026-01516,Yellowstone Mining,Enterprise,SupplyChain Pro,145387.58,2025-11-28,2026-01-27,2026-01-24,Paid,57,0,0
INV-2026-01517,Granite Construction,Enterprise,CloudServe Inc,177371.03,2025-11-21,2026-01-20,2026-01-18,Paid,58,0,0
INV-2026-01518,Summit Financial,Enterprise,FleetManage Co,122746.98,2025-04-15,2025-06-14,2025-06-04,Paid,50,0,0
INV-2026-01519,Juniper Consulting,Mid-Market,CloudServe Inc,35602.0,2025-11-30,2026-01-14,2026-01-14,Paid,45,0,0
INV-2026-01520,Cascade Foods,Mid-Market,DataPipe Solutions,44950.15,2025-09-03,2025-10-18,2025-10-14,Paid,41,0,0
INV-2026-01521,Evergreen Health,Mid-Market,SupplyChain Pro,24649.64,2026-02-19,2026-04-05,2026-03-31,Paid,40,0,0
INV-2026-01522,Meridian Pharma,Enterprise,NetScale Partners,27003.52,2026-03-09,2026-05-08,2026-04-30,Paid,52,0,0
INV-2026-01523,Delta Manufacturing,Enterprise,SupplyChain Pro,128778.59,2025-03-10,2025-05-09,2025-04-29,Paid,50,0,0
INV-2026-01524,Xeno Packaging,SMB,SupplyChain Pro,8216.67,2025-11-11,2025-12-11,2025-12-09,Paid,28,0,0
INV-2026-01525,Horizon Media,Mid-Market,GreenLedger Systems,10066.45,2025-10-11,2025-11-25,2025-11-22,Paid,42,0,0
INV-2026-01526,Riverstone Hotels,Mid-Market,InsightOps Ltd,43476.61,2025-05-27,2025-07-11,2025-07-09,Paid,43,0,0
INV-2026-01527,Lumen Software,SMB,InsightOps Ltd,11729.53,2025-12-18,2026-01-17,,Outstanding,143,1,113
INV-2026-01528,Acme Logistics,SMB,FleetManage Co,7568.21,2025-05-19,2025-06-18,2025-07-14,Late,56,1,26
INV-2026-01529,Lumen Software,SMB,SupplyChain Pro,3108.92,2025-11-22,2025-12-22,2025-12-22,Paid,30,0,0
INV-2026-01530,Evergreen Health,Mid-Market,NetScale Partners,35175.72,2025-09-12,2025-10-27,2025-10-18,Paid,36,0,0
INV-2026-01531,Evergreen Health,Mid-Market,NetScale Partners,16952.13,2026-04-12,2026-05-27,,Outstanding,28,0,0
INV-2026-01532,Quantum Analytics,SMB,TradeLedger Finance,4696.27,2025-08-27,2025-09-26,2025-09-22,Paid,26,0,0
INV-2026-01533,Lumen Software,SMB,NetScale Partners,2340.17,2025-11-11,2025-12-11,2026-01-15,Late,65,1,35
INV-2026-01534,Juniper Consulting,Mid-Market,WorkCapital Hub,11290.3,2025-05-21,2025-07-05,2025-06-25,Paid,35,0,0
INV-2026-01535,Frontier Tech,SMB,DataPipe Solutions,3329.54,2026-02-07,2026-03-09,2026-04-06,Late,58,1,28
INV-2026-01536,Acme Logistics,SMB,PayFlow Technologies,11720.18,2026-01-16,2026-02-15,2026-02-05,Paid,20,0,0
INV-2026-01537,Ironclad Security,SMB,FleetManage Co,11989.47,2025-12-09,2026-01-08,2026-01-08,Paid,30,0,0
INV-2026-01538,Yellowstone Mining,Enterprise,WorkCapital Hub,173242.41,2025-10-29,2025-12-28,2025-12-22,Paid,54,0,0
INV-2026-01539,Delta Manufacturing,Enterprise,SupplyChain Pro,37728.28,2026-03-08,2026-05-07,,Outstanding,63,1,3
INV-2026-01540,Brightline Retail,SMB,FleetManage Co,8537.57,2025-01-13,2025-02-12,2025-02-04,Paid,22,0,0
INV-2026-01541,Xeno Packaging,SMB,CloudServe Inc,7188.54,2025-09-24,2025-10-24,2025-10-14,Paid,20,0,0
INV-2026-01542,Evergreen Health,Mid-Market,WorkCapital Hub,15011.46,2025-10-01,2025-11-15,2025-11-10,Paid,40,0,0
INV-2026-01543,Union Transport,Mid-Market,TradeLedger Finance,17206.12,2026-03-08,2026-04-22,,Outstanding,63,1,18
INV-2026-01544,Westfield Properties,Mid-Market,PayFlow Technologies,25439.98,2026-02-14,2026-03-31,,Outstanding,85,1,40
INV-2026-01545,Xeno Packaging,SMB,NetScale Partners,1727.88,2025-09-21,2025-10-21,2025-11-08,Late,48,1,18
INV-2026-01546,Acme Logistics,SMB,CloudServe Inc,10403.3,2025-08-09,2025-09-08,2025-08-31,Paid,22,0,0
INV-2026-01547,Evergreen Health,Mid-Market,TradeLedger Finance,28910.99,2025-04-14,2025-05-29,2025-05-23,Paid,39,0,0
INV-2026-01548,Riverstone Hotels,Mid-Market,CloudServe Inc,41767.44,2025-07-09,2025-08-23,2025-08-18,Paid,40,0,0
INV-2026-01549,Cascade Foods,Mid-Market,InsightOps Ltd,19534.56,2025-11-01,2025-12-16,2025-12-07,Paid,36,0,0
INV-2026-01550,Quantum Analytics,SMB,WorkCapital Hub,1442.18,2025-10-18,2025-11-17,2025-11-14,Paid,27,0,0
INV-2026-01551,Northstar Wholesale,Mid-Market,InsightOps Ltd,30292.47,2025-03-28,2025-05-12,2025-05-06,Paid,39,0,0
INV-2026-01552,Granite Construction,Enterprise,DataPipe Solutions,111037.86,2025-12-08,2026-02-06,2026-02-01,Paid,55,0,0
INV-2026-01553,Pinnacle Insurance,Mid-Market,TradeLedger Finance,7541.28,2024-12-25,2025-02-08,2025-02-08,Paid,45,0,0
INV-2026-01554,Ironclad Security,SMB,SupplyChain Pro,6714.14,2026-02-20,2026-03-22,2026-04-25,Late,64,1,34
INV-2026-01555,Lumen Software,SMB,PayFlow Technologies,6228.97,2025-04-24,2025-05-24,2025-05-21,Paid,27,0,0
INV-2026-01556,Summit Financial,Enterprise,TradeLedger Finance,55263.11,2025-09-08,2025-11-07,2025-11-02,Paid,55,0,0
INV-2026-01557,Evergreen Health,Mid-Market,PayFlow Technologies,26121.47,2025-09-19,2025-11-03,2025-11-03,Paid,45,0,0
INV-2026-01558,Xeno Packaging,SMB,PayFlow Technologies,3425.48,2025-03-24,2025-04-23,,Outstanding,412,1,382
INV-2026-01559,Delta Manufacturing,Enterprise,DataPipe Solutions,36005.39,2025-07-10,2025-09-08,2025-08-29,Paid,50,0,0
INV-2026-01560,Summit Financial,Enterprise,FleetManage Co,140192.29,2025-12-16,2026-02-14,2026-02-14,Paid,60,0,0
INV-2026-01561,Acme Logistics,SMB,FleetManage Co,8021.78,2025-11-22,2025-12-22,,Outstanding,169,1,139
INV-2026-01562,Yellowstone Mining,Enterprise,DataPipe Solutions,119618.72,2025-09-20,2025-11-19,2025-11-11,Paid,52,0,0
INV-2026-01563,Vertex Biotech,Enterprise,NetScale Partners,158841.13,2026-03-14,2026-05-13,2026-05-03,Paid,50,0,0
INV-2026-01564,Frontier Tech,SMB,PayFlow Technologies,10316.86,2025-03-04,2025-04-03,2025-04-26,Late,53,1,23
INV-2026-01565,Acme Logistics,SMB,GreenLedger Systems,11229.1,2024-12-28,2025-01-27,2025-01-21,Paid,24,0,0
INV-2026-01566,Summit Financial,Enterprise,WorkCapital Hub,36787.99,2025-10-01,2025-11-30,2025-11-22,Paid,52,0,0
INV-2026-01567,Yellowstone Mining,Enterprise,InsightOps Ltd,174830.5,2026-03-29,2026-05-28,,Outstanding,42,0,0
INV-2026-01568,Northstar Wholesale,Mid-Market,NetScale Partners,33021.84,2025-01-14,2025-02-28,2025-02-23,Paid,40,0,0
INV-2026-01569,Granite Construction,Enterprise,TradeLedger Finance,69935.38,2024-12-01,2025-01-30,2025-03-13,Late,102,1,42
INV-2026-01570,Summit Financial,Enterprise,SupplyChain Pro,48597.4,2026-02-25,2026-04-26,2026-04-20,Paid,54,0,0
INV-2026-01571,Quantum Analytics,SMB,DataPipe Solutions,5087.27,2024-12-17,2025-01-16,2025-01-06,Paid,20,0,0
INV-2026-01572,Horizon Media,Mid-Market,GreenLedger Systems,9611.42,2025-03-14,2025-04-28,2025-04-23,Paid,40,0,0
INV-2026-01573,Ironclad Security,SMB,TradeLedger Finance,11150.4,2025-01-23,2025-02-22,2025-02-18,Paid,26,0,0
INV-2026-01574,Meridian Pharma,Enterprise,PayFlow Technologies,100608.09,2025-07-09,2025-09-07,2025-11-18,Late,132,1,72
INV-2026-01575,Vertex Biotech,Enterprise,GreenLedger Systems,178169.78,2025-01-01,2025-03-02,2025-02-20,Paid,50,0,0
INV-2026-01576,Pinnacle Insurance,Mid-Market,SupplyChain Pro,15028.06,2026-03-21,2026-05-05,2026-05-03,Paid,43,0,0
INV-2026-01577,Horizon Media,Mid-Market,DataPipe Solutions,8078.73,2025-06-07,2025-07-22,2025-08-19,Late,73,1,28
INV-2026-01578,Ironclad Security,SMB,PayFlow Technologies,6516.76,2025-10-17,2025-11-16,2025-11-16,Paid,30,0,0
INV-2026-01579,Summit Financial,Enterprise,GreenLedger Systems,45653.13,2025-11-09,2026-01-08,2026-01-02,Paid,54,0,0
INV-2026-01580,Union Transport,Mid-Market,CloudServe Inc,22536.7,2024-11-26,2025-01-10,2025-01-09,Paid,44,0,0
INV-2026-01581,Summit Financial,Enterprise,WorkCapital Hub,70251.24,2025-08-08,2025-10-07,2025-09-27,Paid,50,0,0
INV-2026-01582,Granite Construction,Enterprise,CloudServe Inc,38184.22,2026-04-18,2026-06-17,,Outstanding,22,0,0
INV-2026-01583,Summit Financial,Enterprise,TradeLedger Finance,43322.75,2025-09-06,2025-11-05,2025-10-29,Paid,53,0,0
INV-2026-01584,Keystone Energy,Enterprise,PayFlow Technologies,127428.85,2025-02-21,2025-04-22,2025-04-12,Paid,50,0,0
INV-2026-01585,Keystone Energy,Enterprise,DataPipe Solutions,58532.52,2025-03-11,2025-05-10,2025-05-09,Paid,59,0,0
INV-2026-01586,Horizon Media,Mid-Market,FleetManage Co,12663.45,2024-12-04,2025-01-18,2025-01-29,Late,56,1,11
INV-2026-01587,Xeno Packaging,SMB,SupplyChain Pro,1344.06,2024-12-17,2025-01-16,2025-01-06,Paid,20,0,0
INV-2026-01588,Granite Construction,Enterprise,InsightOps Ltd,93318.84,2025-08-14,2025-10-13,2025-10-10,Paid,57,0,0
INV-2026-01589,Juniper Consulting,Mid-Market,SupplyChain Pro,43677.4,2025-11-15,2025-12-30,2026-02-09,Late,86,1,41
INV-2026-01590,Acme Logistics,SMB,PayFlow Technologies,9981.34,2025-10-03,2025-11-02,2025-10-27,Paid,24,0,0
INV-2026-01591,Lumen Software,SMB,PayFlow Technologies,10986.64,2025-02-21,2025-03-23,2025-03-17,Paid,24,0,0
INV-2026-01592,Meridian Pharma,Enterprise,InsightOps Ltd,135034.61,2025-04-11,2025-06-10,2025-06-08,Paid,58,0,0
INV-2026-01593,Acme Logistics,SMB,TradeLedger Finance,10326.05,2025-09-24,2025-10-24,2025-10-15,Paid,21,0,0
INV-2026-01594,Frontier Tech,SMB,InsightOps Ltd,3152.77,2026-03-21,2026-04-20,2026-04-12,Paid,22,0,0
INV-2026-01595,Juniper Consulting,Mid-Market,SupplyChain Pro,15163.38,2025-06-13,2025-07-28,2025-07-22,Paid,39,0,0
INV-2026-01596,Delta Manufacturing,Enterprise,DataPipe Solutions,127165.68,2025-07-29,2025-09-27,2025-09-18,Paid,51,0,0
INV-2026-01597,Meridian Pharma,Enterprise,WorkCapital Hub,34290.36,2025-01-12,2025-03-13,2025-03-27,Late,74,1,14
INV-2026-01598,Keystone Energy,Enterprise,WorkCapital Hub,50756.38,2025-09-22,2025-11-21,2025-11-22,Late,61,1,1
INV-2026-01599,Union Transport,Mid-Market,PayFlow Technologies,13096.78,2025-05-29,2025-07-13,2025-07-10,Paid,42,0,0
INV-2026-01600,Vertex Biotech,Enterprise,InsightOps Ltd,61811.16,2025-08-25,2025-10-24,2025-10-15,Paid,51,0,0
INV-2026-01601,Ironclad Security,SMB,CloudServe Inc,9466.12,2025-03-17,2025-04-16,,Outstanding,419,1,389
INV-2026-01602,Westfield Properties,Mid-Market,WorkCapital Hub,5423.41,2025-02-07,2025-03-24,2025-03-20,Paid,41,0,0
INV-2026-01603,Union Transport,Mid-Market,GreenLedger Systems,32717.27,2025-09-03,2025-10-18,2025-11-29,Late,87,1,42
INV-2026-01604,Frontier Tech,SMB,WorkCapital Hub,7510.61,2025-10-03,2025-11-02,2025-10-30,Paid,27,0,0
INV-2026-01605,Terra Farms,SMB,GreenLedger Systems,7900.84,2025-05-07,2025-06-06,2025-06-06,Paid,30,0,0
INV-2026-01606,Lumen Software,SMB,FleetManage Co,5424.16,2025-04-29,2025-05-29,2025-05-24,Paid,25,0,0
INV-2026-01607,Quantum Analytics,SMB,PayFlow Technologies,1256.42,2025-08-31,2025-09-30,2025-09-28,Paid,28,0,0
INV-2026-01608,Riverstone Hotels,Mid-Market,SupplyChain Pro,25341.71,2024-12-04,2025-01-18,,Outstanding,522,1,477
INV-2026-01609,Riverstone Hotels,Mid-Market,CloudServe Inc,40108.09,2025-06-21,2025-08-05,2025-09-06,Late,77,1,32
INV-2026-01610,Granite Construction,Enterprise,GreenLedger Systems,164987.58,2025-12-11,2026-02-09,2026-02-07,Paid,58,0,0
INV-2026-01611,Orion Aerospace,Enterprise,DataPipe Solutions,151936.87,2025-06-20,2025-08-19,2025-08-12,Paid,53,0,0
INV-2026-01612,Northstar Wholesale,Mid-Market,SupplyChain Pro,24458.85,2024-11-18,2025-01-02,2024-12-25,Paid,37,0,0
INV-2026-01613,Frontier Tech,SMB,DataPipe Solutions,4558.02,2025-01-27,2025-02-26,2025-02-22,Paid,26,0,0
INV-2026-01614,Cascade Foods,Mid-Market,DataPipe Solutions,5402.92,2026-04-27,2026-06-11,,Outstanding,13,0,0
INV-2026-01615,Evergreen Health,Mid-Market,PayFlow Technologies,8762.42,2025-08-30,2025-10-14,2025-10-11,Paid,42,0,0
INV-2026-01616,Xeno Packaging,SMB,FleetManage Co,10213.11,2025-01-14,2025-02-13,2025-03-04,Late,49,1,19
INV-2026-01617,Riverstone Hotels,Mid-Market,PayFlow Technologies,43358.49,2025-06-03,2025-07-18,2025-07-14,Paid,41,0,0
INV-2026-01618,Ironclad Security,SMB,GreenLedger Systems,4682.99,2025-09-13,2025-10-13,2025-10-28,Late,45,1,15
INV-2026-01619,Ironclad Security,SMB,CloudServe Inc,2651.89,2026-04-18,2026-05-18,,Outstanding,22,0,0
INV-2026-01620,Summit Financial,Enterprise,GreenLedger Systems,30681.59,2025-03-11,2025-05-10,2025-05-07,Paid,57,0,0
INV-2026-01621,Juniper Consulting,Mid-Market,CloudServe Inc,17754.96,2025-03-17,2025-05-01,2025-05-01,Paid,45,0,0
INV-2026-01622,Brightline Retail,SMB,SupplyChain Pro,7913.04,2025-02-11,2025-03-13,2025-04-06,Late,54,1,24
INV-2026-01623,Riverstone Hotels,Mid-Market,DataPipe Solutions,17472.88,2025-02-15,2025-04-01,2025-04-02,Late,46,1,1
INV-2026-01624,Evergreen Health,Mid-Market,SupplyChain Pro,40171.2,2026-03-30,2026-05-14,2026-05-07,Paid,38,0,0
INV-2026-01625,Westfield Properties,Mid-Market,PayFlow Technologies,44978.64,2025-12-13,2026-01-27,2026-01-27,Paid,45,0,0
INV-2026-01626,Riverstone Hotels,Mid-Market,PayFlow Technologies,5597.48,2025-08-25,2025-10-09,2025-10-02,Paid,38,0,0
INV-2026-01627,Cascade Foods,Mid-Market,SupplyChain Pro,30452.42,2025-05-14,2025-06-28,2025-06-18,Paid,35,0,0
INV-2026-01628,Meridian Pharma,Enterprise,DataPipe Solutions,131996.53,2024-11-16,2025-01-15,2025-01-09,Paid,54,0,0
INV-2026-01629,Quantum Analytics,SMB,InsightOps Ltd,9043.92,2024-11-23,2024-12-23,2024-12-14,Paid,21,0,0
INV-2026-01630,Xeno Packaging,SMB,WorkCapital Hub,7209.45,2026-01-28,2026-02-27,2026-02-19,Paid,22,0,0
INV-2026-01631,Evergreen Health,Mid-Market,TradeLedger Finance,25990.49,2025-03-15,2025-04-29,2025-04-23,Paid,39,0,0
INV-2026-01632,Northstar Wholesale,Mid-Market,SupplyChain Pro,27281.08,2025-02-15,2025-04-01,2025-03-28,Paid,41,0,0
INV-2026-01633,Juniper Consulting,Mid-Market,TradeLedger Finance,10291.76,2025-08-21,2025-10-05,2025-09-30,Paid,40,0,0
INV-2026-01634,Northstar Wholesale,Mid-Market,DataPipe Solutions,11499.63,2025-11-27,2026-01-11,2026-01-09,Paid,43,0,0
INV-2026-01635,Evergreen Health,Mid-Market,WorkCapital Hub,39748.23,2025-02-04,2025-03-21,2025-05-16,Late,101,1,56
INV-2026-01636,Xeno Packaging,SMB,TradeLedger Finance,11719.63,2025-01-30,2025-03-01,2025-03-01,Paid,30,0,0
INV-2026-01637,Union Transport,Mid-Market,GreenLedger Systems,18075.26,2025-11-02,2025-12-17,2025-12-10,Paid,38,0,0
INV-2026-01638,Ironclad Security,SMB,InsightOps Ltd,4452.66,2025-06-05,2025-07-05,2025-07-06,Late,31,1,1
INV-2026-01639,Quantum Analytics,SMB,CloudServe Inc,5844.99,2026-04-09,2026-05-09,,Outstanding,31,1,1
INV-2026-01640,Brightline Retail,SMB,FleetManage Co,2219.03,2025-08-25,2025-09-24,2025-10-04,Late,40,1,10
INV-2026-01641,Acme Logistics,SMB,InsightOps Ltd,5091.27,2025-01-18,2025-02-17,2025-03-31,Late,72,1,42
INV-2026-01642,Meridian Pharma,Enterprise,PayFlow Technologies,57603.26,2025-10-26,2025-12-25,2025-12-24,Paid,59,0,0
INV-2026-01643,Juniper Consulting,Mid-Market,PayFlow Technologies,38015.72,2026-04-15,2026-05-30,,Outstanding,25,0,0
INV-2026-01644,Meridian Pharma,Enterprise,CloudServe Inc,33702.25,2025-03-07,2025-05-06,2025-05-06,Paid,60,0,0
INV-2026-01645,Lumen Software,SMB,FleetManage Co,4609.58,2026-01-13,2026-02-12,2026-02-11,Paid,29,0,0
INV-2026-01646,Meridian Pharma,Enterprise,GreenLedger Systems,140394.9,2024-12-28,2025-02-26,2025-02-24,Paid,58,0,0
INV-2026-01647,Juniper Consulting,Mid-Market,TradeLedger Finance,43138.51,2025-08-18,2025-10-02,2025-09-27,Paid,40,0,0
INV-2026-01648,Westfield Properties,Mid-Market,FleetManage Co,17716.37,2025-02-04,2025-03-21,2025-03-12,Paid,36,0,0
INV-2026-01649,Frontier Tech,SMB,NetScale Partners,9002.51,2025-12-18,2026-01-17,2026-01-14,Paid,27,0,0
INV-2026-01650,Vertex Biotech,Enterprise,PayFlow Technologies,32620.66,2025-05-04,2025-07-03,,Outstanding,371,1,311
INV-2026-01651,Summit Financial,Enterprise,WorkCapital Hub,78973.77,2025-01-02,2025-03-03,2025-02-22,Paid,51,0,0
INV-2026-01652,Quantum Analytics,SMB,GreenLedger Systems,6080.55,2025-01-19,2025-02-18,,Outstanding,476,1,446
INV-2026-01653,Xeno Packaging,SMB,TradeLedger Finance,7843.29,2025-06-16,2025-07-16,2025-07-07,Paid,21,0,0
INV-2026-01654,Terra Farms,SMB,InsightOps Ltd,8658.62,2025-03-21,2025-04-20,2025-04-14,Paid,24,0,0
INV-2026-01655,Frontier Tech,SMB,CloudServe Inc,903.99,2026-05-05,2026-06-04,,Outstanding,5,0,0
INV-2026-01656,Orion Aerospace,Enterprise,SupplyChain Pro,132495.6,2025-02-20,2025-04-21,,Outstanding,444,1,384
INV-2026-01657,Granite Construction,Enterprise,SupplyChain Pro,149449.52,2024-12-18,2025-02-16,2025-02-15,Paid,59,0,0
INV-2026-01658,Summit Financial,Enterprise,InsightOps Ltd,139391.31,2025-12-20,2026-02-18,,Outstanding,141,1,81
INV-2026-01659,Brightline Retail,SMB,TradeLedger Finance,9341.33,2025-01-11,2025-02-10,2025-02-26,Late,46,1,16
INV-2026-01660,Terra Farms,SMB,WorkCapital Hub,2783.9,2025-11-19,2025-12-19,2025-12-11,Paid,22,0,0
INV-2026-01661,Horizon Media,Mid-Market,WorkCapital Hub,18506.14,2025-05-29,2025-07-13,2025-07-03,Paid,35,0,0
INV-2026-01662,Brightline Retail,SMB,SupplyChain Pro,11223.25,2026-02-13,2026-03-15,2026-03-09,Paid,24,0,0
INV-2026-01663,Westfield Properties,Mid-Market,InsightOps Ltd,17262.16,2026-03-15,2026-04-29,2026-04-22,Paid,38,0,0
INV-2026-01664,Juniper Consulting,Mid-Market,FleetManage Co,17034.31,2025-01-17,2025-03-03,2025-02-21,Paid,35,0,0
INV-2026-01665,Horizon Media,Mid-Market,FleetManage Co,32860.69,2025-08-22,2025-10-06,2025-10-04,Paid,43,0,0
INV-2026-01666,Ironclad Security,SMB,TradeLedger Finance,9134.76,2025-07-11,2025-08-10,2025-08-19,Late,39,1,9
INV-2026-01667,Yellowstone Mining,Enterprise,GreenLedger Systems,92919.24,2025-10-26,2025-12-25,2026-02-23,Late,120,1,60
INV-2026-01668,Evergreen Health,Mid-Market,TradeLedger Finance,10031.45,2026-03-11,2026-04-25,2026-04-21,Paid,41,0,0
INV-2026-01669,Vertex Biotech,Enterprise,NetScale Partners,128187.64,2025-05-22,2025-07-21,2025-07-14,Paid,53,0,0
INV-2026-01670,Vertex Biotech,Enterprise,TradeLedger Finance,113811.54,2026-05-03,2026-07-02,,Outstanding,7,0,0
INV-2026-01671,Keystone Energy,Enterprise,CloudServe Inc,44067.33,2025-10-08,2025-12-07,2025-12-13,Late,66,1,6
INV-2026-01672,Keystone Energy,Enterprise,GreenLedger Systems,179853.38,2025-08-06,2025-10-05,2025-09-28,Paid,53,0,0
INV-2026-01673,Delta Manufacturing,Enterprise,CloudServe Inc,59714.09,2025-06-29,2025-08-28,2025-10-14,Late,107,1,47
INV-2026-01674,Riverstone Hotels,Mid-Market,TradeLedger Finance,19836.85,2025-03-23,2025-05-07,2025-04-27,Paid,35,0,0
INV-2026-01675,Riverstone Hotels,Mid-Market,WorkCapital Hub,12549.47,2025-09-12,2025-10-27,2025-10-24,Paid,42,0,0
INV-2026-01676,Acme Logistics,SMB,WorkCapital Hub,9446.68,2025-05-02,2025-06-01,2025-07-15,Late,74,1,44
INV-2026-01677,Brightline Retail,SMB,GreenLedger Systems,4825.03,2025-07-26,2025-08-25,2025-09-18,Late,54,1,24
INV-2026-01678,Meridian Pharma,Enterprise,GreenLedger Systems,98103.48,2025-04-05,2025-06-04,2025-05-31,Paid,56,0,0
INV-2026-01679,Quantum Analytics,SMB,SupplyChain Pro,10020.96,2025-01-22,2025-02-21,2025-02-18,Paid,27,0,0
INV-2026-01680,Quantum Analytics,SMB,CloudServe Inc,9672.16,2025-08-28,2025-09-27,2025-09-17,Paid,20,0,0
INV-2026-01681,Yellowstone Mining,Enterprise,TradeLedger Finance,42262.75,2025-10-27,2025-12-26,2025-12-18,Paid,52,0,0
INV-2026-01682,Terra Farms,SMB,NetScale Partners,6643.51,2025-12-20,2026-01-19,,Outstanding,141,1,111
INV-2026-01683,Lumen Software,SMB,GreenLedger Systems,1044.12,2025-11-19,2025-12-19,2025-12-09,Paid,20,0,0
INV-2026-01684,Cascade Foods,Mid-Market,WorkCapital Hub,10727.21,2025-10-25,2025-12-09,2025-12-08,Paid,44,0,0
INV-2026-01685,Orion Aerospace,Enterprise,GreenLedger Systems,125235.66,2025-09-23,2025-11-22,2025-12-30,Late,98,1,38
INV-2026-01686,Pinnacle Insurance,Mid-Market,PayFlow Technologies,42096.94,2026-03-17,2026-05-01,,Outstanding,54,1,9
INV-2026-01687,Meridian Pharma,Enterprise,WorkCapital Hub,56150.39,2026-04-24,2026-06-23,,Outstanding,16,0,0
INV-2026-01688,Quantum Analytics,SMB,GreenLedger Systems,1058.38,2025-08-01,2025-08-31,2025-08-23,Paid,22,0,0
INV-2026-01690,Ironclad Security,SMB,PayFlow Technologies,2903.5,2025-12-12,2026-01-11,2026-02-23,Late,73,1,43
INV-2026-01691,Keystone Energy,Enterprise,CloudServe Inc,146634.83,2025-08-05,2025-10-04,2025-09-27,Paid,53,0,0
INV-2026-01692,Union Transport,Mid-Market,FleetManage Co,24774.83,2025-10-20,2025-12-04,2025-11-26,Paid,37,0,0
INV-2026-01693,Frontier Tech,SMB,WorkCapital Hub,5067.6,2026-04-11,2026-05-11,2026-05-05,Paid,24,0,0
INV-2026-01694,Northstar Wholesale,Mid-Market,CloudServe Inc,8352.22,2025-11-26,2026-01-10,,Outstanding,165,1,120
INV-2026-01695,Westfield Properties,Mid-Market,GreenLedger Systems,40811.56,2025-04-13,2025-05-28,2025-05-19,Paid,36,0,0
INV-2026-01696,Orion Aerospace,Enterprise,WorkCapital Hub,52046.25,2026-01-11,2026-03-12,2026-03-12,Paid,60,0,0
INV-2026-01697,Riverstone Hotels,Mid-Market,GreenLedger Systems,33200.33,2025-11-08,2025-12-23,2025-12-14,Paid,36,0,0
INV-2026-01698,Xeno Packaging,SMB,SupplyChain Pro,3658.22,2025-03-03,2025-04-02,2025-03-23,Paid,20,0,0
INV-2026-01699,Quantum Analytics,SMB,DataPipe Solutions,1548.2,2026-02-09,2026-03-11,2026-03-09,Paid,28,0,0
INV-2026-01700,Westfield Properties,Mid-Market,DataPipe Solutions,30828.66,2025-04-06,2025-05-21,2025-05-11,Paid,35,0,0
INV-2026-01701,Delta Manufacturing,Enterprise,InsightOps Ltd,64249.51,2024-12-23,2025-02-21,2025-02-18,Paid,57,0,0
INV-2026-01702,Union Transport,Mid-Market,SupplyChain Pro,31419.94,2025-05-08,2025-06-22,2025-07-15,Late,68,1,23
INV-2026-01703,Brightline Retail,SMB,WorkCapital Hub,9481.12,2026-03-22,2026-04-21,2026-04-12,Paid,21,0,0
INV-2026-01704,Cascade Foods,Mid-Market,CloudServe Inc,26975.06,2025-05-27,2025-07-11,2025-07-01,Paid,35,0,0
INV-2026-01705,Keystone Energy,Enterprise,InsightOps Ltd,34536.67,2025-08-06,2025-10-05,2025-10-05,Paid,60,0,0
INV-2026-01706,Xeno Packaging,SMB,GreenLedger Systems,1014.56,2025-04-20,2025-05-20,2025-05-19,Paid,29,0,0
INV-2026-01707,Keystone Energy,Enterprise,WorkCapital Hub,41965.85,2025-12-12,2026-02-10,2026-02-10,Paid,60,0,0
INV-2026-01708,Brightline Retail,SMB,FleetManage Co,2559.2,2026-02-04,2026-03-06,2026-02-27,Paid,23,0,0
INV-2026-01709,Terra Farms,SMB,WorkCapital Hub,11163.71,2024-12-24,2025-01-23,2025-02-15,Late,53,1,23
INV-2026-01710,Terra Farms,SMB,NetScale Partners,7376.02,2025-11-16,2025-12-16,2025-12-08,Paid,22,0,0
INV-2026-01711,Northstar Wholesale,Mid-Market,WorkCapital Hub,42126.34,2025-11-16,2025-12-31,,Outstanding,175,1,130
INV-2026-01712,Evergreen Health,Mid-Market,WorkCapital Hub,37186.7,2025-03-06,2025-04-20,2025-04-14,Paid,39,0,0
INV-2026-01713,Meridian Pharma,Enterprise,SupplyChain Pro,122491.24,2025-03-18,2025-05-17,2025-05-15,Paid,58,0,0
INV-2026-01714,Union Transport,Mid-Market,TradeLedger Finance,25580.4,2025-05-10,2025-06-24,2025-06-21,Paid,42,0,0
INV-2026-01715,Northstar Wholesale,Mid-Market,SupplyChain Pro,21843.37,2025-11-16,2025-12-31,2026-01-15,Late,60,1,15
INV-2026-01716,Vertex Biotech,Enterprise,PayFlow Technologies,97748.2,2025-06-28,2025-08-27,2025-08-18,Paid,51,0,0
INV-2026-01717,Delta Manufacturing,Enterprise,PayFlow Technologies,113895.49,2026-04-24,2026-06-23,,Outstanding,16,0,0
INV-2026-01718,Yellowstone Mining,Enterprise,InsightOps Ltd,98237.62,2024-12-21,2025-02-19,,Outstanding,505,1,445
INV-2026-01719,Granite Construction,Enterprise,InsightOps Ltd,142848.95,2026-03-15,2026-05-14,,Outstanding,56,0,0
INV-2026-01720,Quantum Analytics,SMB,FleetManage Co,11261.75,2025-01-19,2025-02-18,2025-02-14,Paid,26,0,0
INV-2026-01721,Union Transport,Mid-Market,InsightOps Ltd,20130.07,2025-01-16,2025-03-02,2025-02-21,Paid,36,0,0
INV-2026-01722,Xeno Packaging,SMB,WorkCapital Hub,5735.97,2024-11-20,2024-12-20,2024-12-18,Paid,28,0,0
INV-2026-01723,Meridian Pharma,Enterprise,PayFlow Technologies,34879.0,2025-02-17,2025-04-18,2025-04-15,Paid,57,0,0
INV-2026-01724,Evergreen Health,Mid-Market,PayFlow Technologies,30444.49,2025-04-25,2025-06-09,,Outstanding,380,1,335
INV-2026-01725,Yellowstone Mining,Enterprise,TradeLedger Finance,72955.28,2024-12-30,2025-02-28,2025-02-27,Paid,59,0,0
INV-2026-01726,Terra Farms,SMB,GreenLedger Systems,4397.72,2025-09-29,2025-10-29,2025-10-29,Paid,30,0,0
INV-2026-01727,Granite Construction,Enterprise,PayFlow Technologies,93886.25,2024-11-20,2025-01-19,2025-02-09,Late,81,1,21
INV-2026-01728,Ironclad Security,SMB,PayFlow Technologies,9304.49,2026-02-26,2026-03-28,2026-03-20,Paid,22,0,0
INV-2026-01729,Delta Manufacturing,Enterprise,CloudServe Inc,59582.41,2025-11-29,2026-01-28,2026-01-27,Paid,59,0,0
INV-2026-01730,Cascade Foods,Mid-Market,SupplyChain Pro,12837.3,2025-02-21,2025-04-07,2025-03-28,Paid,35,0,0
INV-2026-01731,Lumen Software,SMB,InsightOps Ltd,6236.58,2026-04-12,2026-05-12,,Outstanding,28,0,0
INV-2026-01732,Quantum Analytics,SMB,InsightOps Ltd,6742.23,2026-01-29,2026-02-28,2026-02-25,Paid,27,0,0
INV-2026-01733,Horizon Media,Mid-Market,InsightOps Ltd,13979.68,2025-09-27,2025-11-11,2025-12-14,Late,78,1,33
INV-2026-01734,Lumen Software,SMB,FleetManage Co,10287.68,2024-11-18,2024-12-18,2024-12-14,Paid,26,0,0
INV-2026-01735,Delta Manufacturing,Enterprise,NetScale Partners,112003.74,2025-05-18,2025-07-17,2025-07-14,Paid,57,0,0
INV-2026-01736,Quantum Analytics,SMB,FleetManage Co,6372.11,2025-11-16,2025-12-16,2025-12-13,Paid,27,0,0
INV-2026-01737,Cascade Foods,Mid-Market,TradeLedger Finance,11937.8,2024-11-17,2025-01-01,2025-01-03,Late,47,1,2
INV-2026-01738,Evergreen Health,Mid-Market,NetScale Partners,29474.27,2026-05-02,2026-06-16,,Outstanding,8,0,0
INV-2026-01739,Orion Aerospace,Enterprise,GreenLedger Systems,177613.39,2024-12-05,2025-02-03,2025-01-28,Paid,54,0,0
INV-2026-01740,Vertex Biotech,Enterprise,CloudServe Inc,83652.68,2025-06-14,2025-08-13,2025-08-09,Paid,56,0,0
INV-2026-01741,Meridian Pharma,Enterprise,CloudServe Inc,154506.67,2026-05-02,2026-07-01,,Outstanding,8,0,0
INV-2026-01742,Horizon Media,Mid-Market,NetScale Partners,12154.93,2025-03-26,2025-05-10,2025-05-02,Paid,37,0,0
INV-2026-01743,Union Transport,Mid-Market,GreenLedger Systems,41018.77,2025-12-09,2026-01-23,2026-01-18,Paid,40,0,0
INV-2026-01744,Frontier Tech,SMB,NetScale Partners,4094.12,2026-03-25,2026-04-24,2026-04-23,Paid,29,0,0
INV-2026-01745,Union Transport,Mid-Market,SupplyChain Pro,17091.49,2025-02-07,2025-03-24,2025-03-22,Paid,43,0,0
INV-2026-01746,Delta Manufacturing,Enterprise,TradeLedger Finance,98864.86,2024-12-26,2025-02-24,2025-02-17,Paid,53,0,0
INV-2026-01747,Lumen Software,SMB,SupplyChain Pro,3597.78,2026-01-11,2026-02-10,2026-02-06,Paid,26,0,0
INV-2026-01748,Summit Financial,Enterprise,WorkCapital Hub,52188.94,2024-12-22,2025-02-20,2025-02-11,Paid,51,0,0
INV-2026-01749,Northstar Wholesale,Mid-Market,FleetManage Co,27366.02,2026-03-31,2026-05-15,,Outstanding,40,0,0
INV-2026-01750,Xeno Packaging,SMB,InsightOps Ltd,3594.89,2025-06-17,2025-07-17,2025-08-25,Late,69,1,39
INV-2026-01751,Northstar Wholesale,Mid-Market,PayFlow Technologies,16724.92,2025-08-27,2025-10-11,2025-10-07,Paid,41,0,0
INV-2026-01752,Juniper Consulting,Mid-Market,PayFlow Technologies,33106.56,2025-07-08,2025-08-22,2025-09-29,Late,83,1,38
INV-2026-01753,Summit Financial,Enterprise,DataPipe Solutions,80032.24,2024-11-24,2025-01-23,2025-03-29,Late,125,1,65
INV-2026-01754,Evergreen Health,Mid-Market,WorkCapital Hub,30960.34,2025-09-28,2025-11-12,2025-11-06,Paid,39,0,0
INV-2026-01755,Pinnacle Insurance,Mid-Market,PayFlow Technologies,6683.94,2026-04-03,2026-05-18,,Outstanding,37,0,0
INV-2026-01756,Ironclad Security,SMB,FleetManage Co,8768.74,2024-12-31,2025-01-30,2025-01-20,Paid,20,0,0
INV-2026-01757,Terra Farms,SMB,PayFlow Technologies,9819.31,2025-06-30,2025-07-30,2025-07-26,Paid,26,0,0
INV-2026-01758,Riverstone Hotels,Mid-Market,SupplyChain Pro,23105.96,2024-12-15,2025-01-29,2025-01-21,Paid,37,0,0
INV-2026-01759,Meridian Pharma,Enterprise,InsightOps Ltd,122770.32,2026-03-14,2026-05-13,2026-05-04,Paid,51,0,0
INV-2026-01760,Northstar Wholesale,Mid-Market,FleetManage Co,17000.39,2025-06-15,2025-07-30,2025-07-27,Paid,42,0,0
INV-2026-01761,Frontier Tech,SMB,DataPipe Solutions,8584.12,2024-12-03,2025-01-02,2025-01-01,Paid,29,0,0
INV-2026-01762,Pinnacle Insurance,Mid-Market,InsightOps Ltd,44825.06,2026-01-31,2026-03-17,2026-03-15,Paid,43,0,0
INV-2026-01763,Evergreen Health,Mid-Market,TradeLedger Finance,9232.64,2025-05-16,2025-06-30,2025-06-27,Paid,42,0,0
INV-2026-01764,Juniper Consulting,Mid-Market,CloudServe Inc,25840.23,2026-03-14,2026-04-28,2026-04-26,Paid,43,0,0
INV-2026-01765,Summit Financial,Enterprise,WorkCapital Hub,159859.71,2025-04-22,2025-06-21,2025-06-19,Paid,58,0,0
INV-2026-01766,Ironclad Security,SMB,GreenLedger Systems,1054.96,2025-04-26,2025-05-26,2025-06-19,Late,54,1,24
INV-2026-01767,Riverstone Hotels,Mid-Market,SupplyChain Pro,14813.25,2025-06-21,2025-08-05,,Outstanding,323,1,278
INV-2026-01768,Quantum Analytics,SMB,GreenLedger Systems,11206.53,2025-10-10,2025-11-09,2025-10-30,Paid,20,0,0
INV-2026-01769,Quantum Analytics,SMB,InsightOps Ltd,9791.44,2026-01-31,2026-03-02,,Outstanding,99,1,69
INV-2026-01770,Granite Construction,Enterprise,DataPipe Solutions,136166.84,2025-08-27,2025-10-26,2025-12-21,Late,116,1,56
INV-2026-01771,Juniper Consulting,Mid-Market,DataPipe Solutions,15314.21,2025-04-21,2025-06-05,2025-06-04,Paid,44,0,0
INV-2026-01772,Meridian Pharma,Enterprise,DataPipe Solutions,146696.48,2026-03-02,2026-05-01,2026-04-25,Paid,54,0,0
INV-2026-01773,Westfield Properties,Mid-Market,WorkCapital Hub,23184.71,2025-11-07,2025-12-22,2025-12-19,Paid,42,0,0
INV-2026-01774,Pinnacle Insurance,Mid-Market,GreenLedger Systems,13411.97,2026-02-01,2026-03-18,2026-03-15,Paid,42,0,0
INV-2026-01775,Northstar Wholesale,Mid-Market,InsightOps Ltd,43815.69,2025-12-29,2026-02-12,2026-02-03,Paid,36,0,0
INV-2026-01776,Juniper Consulting,Mid-Market,NetScale Partners,12501.21,2026-05-03,2026-06-17,,Outstanding,7,0,0
INV-2026-01777,Riverstone Hotels,Mid-Market,NetScale Partners,42768.85,2025-01-26,2025-03-12,2025-03-02,Paid,35,0,0
INV-2026-01778,Granite Construction,Enterprise,InsightOps Ltd,68276.4,2026-05-07,2026-07-06,,Outstanding,3,0,0
INV-2026-01779,Northstar Wholesale,Mid-Market,NetScale Partners,15884.73,2026-03-21,2026-05-05,,Outstanding,50,1,5
INV-2026-01780,Riverstone Hotels,Mid-Market,FleetManage Co,13865.52,2025-01-30,2025-03-16,2025-03-09,Paid,38,0,0
INV-2026-01781,Juniper Consulting,Mid-Market,TradeLedger Finance,33602.81,2026-03-14,2026-04-28,2026-04-22,Paid,39,0,0
INV-2026-01782,Acme Logistics,SMB,TradeLedger Finance,9355.13,2026-02-06,2026-03-08,2026-02-28,Paid,22,0,0
INV-2026-01783,Orion Aerospace,Enterprise,TradeLedger Finance,175127.79,2024-12-08,2025-02-06,2025-03-17,Late,99,1,39
INV-2026-01784,Orion Aerospace,Enterprise,PayFlow Technologies,162024.74,2025-10-31,2025-12-30,2025-12-28,Paid,58,0,0
INV-2026-01785,Terra Farms,SMB,NetScale Partners,5319.31,2025-03-22,2025-04-21,2025-04-17,Paid,26,0,0
INV-2026-01786,Keystone Energy,Enterprise,TradeLedger Finance,62586.69,2026-04-04,2026-06-03,,Outstanding,36,0,0
INV-2026-01787,Ironclad Security,SMB,FleetManage Co,11944.63,2025-03-20,2025-04-19,2025-04-13,Paid,24,0,0
INV-2026-01788,Westfield Properties,Mid-Market,FleetManage Co,27115.44,2025-06-17,2025-08-01,2025-07-27,Paid,40,0,0
INV-2026-01789,Ironclad Security,SMB,PayFlow Technologies,7642.67,2024-12-05,2025-01-04,2025-01-02,Paid,28,0,0
INV-2026-01791,Keystone Energy,Enterprise,InsightOps Ltd,58415.59,2025-06-21,2025-08-20,2025-08-13,Paid,53,0,0
INV-2026-01792,Cascade Foods,Mid-Market,CloudServe Inc,14210.43,2024-12-11,2025-01-25,2025-01-19,Paid,39,0,0
INV-2026-01793,Ironclad Security,SMB,InsightOps Ltd,5479.68,2025-05-13,2025-06-12,2025-06-11,Paid,29,0,0
INV-2026-01794,Cascade Foods,Mid-Market,TradeLedger Finance,43260.46,2025-01-20,2025-03-06,2025-05-01,Late,101,1,56
INV-2026-01795,Northstar Wholesale,Mid-Market,PayFlow Technologies,31292.22,2024-11-26,2025-01-10,2025-01-25,Late,60,1,15
INV-2026-01796,Riverstone Hotels,Mid-Market,NetScale Partners,28616.46,2025-05-03,2025-06-17,2025-06-14,Paid,42,0,0
INV-2026-01797,Vertex Biotech,Enterprise,WorkCapital Hub,83069.89,2025-03-24,2025-05-23,,Outstanding,412,1,352
INV-2026-01798,Union Transport,Mid-Market,NetScale Partners,11268.84,2025-04-25,2025-06-09,2025-05-30,Paid,35,0,0
INV-2026-01799,Cascade Foods,Mid-Market,PayFlow Technologies,39701.19,2026-03-10,2026-04-24,,Outstanding,61,1,16
INV-2026-01800,Evergreen Health,Mid-Market,NetScale Partners,22145.76,2026-01-21,2026-03-07,2026-03-05,Paid,43,0,0
INV-2026-01801,Quantum Analytics,SMB,GreenLedger Systems,8102.19,2025-01-12,2025-02-11,2025-03-25,Late,72,1,42
INV-2026-01802,Brightline Retail,SMB,CloudServe Inc,10888.58,2025-07-13,2025-08-12,2025-08-11,Paid,29,0,0
INV-2026-01803,Delta Manufacturing,Enterprise,SupplyChain Pro,79915.22,2026-04-15,2026-06-14,,Outstanding,25,0,0
INV-2026-01804,Xeno Packaging,SMB,WorkCapital Hub,2836.12,2025-03-25,2025-04-24,2025-04-16,Paid,22,0,0
INV-2026-01805,Riverstone Hotels,Mid-Market,CloudServe Inc,18075.21,2025-05-30,2025-07-14,2025-07-09,Paid,40,0,0
INV-2026-01806,Acme Logistics,SMB,DataPipe Solutions,2182.55,2025-12-12,2026-01-11,,Outstanding,149,1,119
INV-2026-01807,Frontier Tech,SMB,SupplyChain Pro,2360.44,2025-01-13,2025-02-12,2025-02-10,Paid,28,0,0
INV-2026-01808,Union Transport,Mid-Market,FleetManage Co,41234.53,2025-03-04,2025-04-18,2025-05-09,Late,66,1,21
INV-2026-01809,Terra Farms,SMB,NetScale Partners,3600.1,2025-02-25,2025-03-27,2025-03-26,Paid,29,0,0
INV-2026-01810,Union Transport,Mid-Market,SupplyChain Pro,34110.47,2024-11-20,2025-01-04,2025-01-26,Late,67,1,22
INV-2026-01811,Xeno Packaging,SMB,TradeLedger Finance,5564.44,2026-03-13,2026-04-12,2026-04-08,Paid,26,0,0
INV-2026-01812,Orion Aerospace,Enterprise,GreenLedger Systems,120962.53,2025-02-28,2025-04-29,2025-05-20,Late,81,1,21
INV-2026-01813,Juniper Consulting,Mid-Market,NetScale Partners,13826.33,2025-03-16,2025-04-30,2025-04-30,Paid,45,0,0
INV-2026-01814,Cascade Foods,Mid-Market,FleetManage Co,30908.92,2026-01-10,2026-02-24,2026-04-08,Late,88,1,43
INV-2026-01815,Evergreen Health,Mid-Market,TradeLedger Finance,34419.03,2025-08-07,2025-09-21,2025-09-12,Paid,36,0,0
INV-2026-01816,Evergreen Health,Mid-Market,WorkCapital Hub,25336.14,2025-05-28,2025-07-12,2025-07-03,Paid,36,0,0
INV-2026-01817,Delta Manufacturing,Enterprise,PayFlow Technologies,73422.8,2025-03-31,2025-05-30,,Outstanding,405,1,345
INV-2026-01818,Horizon Media,Mid-Market,SupplyChain Pro,40488.48,2025-02-08,2025-03-25,2025-03-24,Paid,44,0,0
INV-2026-01819,Northstar Wholesale,Mid-Market,FleetManage Co,8067.19,2025-06-04,2025-07-19,2025-08-10,Late,67,1,22
INV-2026-01820,Cascade Foods,Mid-Market,WorkCapital Hub,31964.17,2025-04-23,2025-06-07,2025-06-28,Late,66,1,21
INV-2026-01821,Northstar Wholesale,Mid-Market,SupplyChain Pro,34610.76,2024-12-15,2025-01-29,2025-01-19,Paid,35,0,0
INV-2026-01822,Summit Financial,Enterprise,NetScale Partners,147858.03,2025-12-20,2026-02-18,,Outstanding,141,1,81
INV-2026-01823,Meridian Pharma,Enterprise,NetScale Partners,96782.08,2025-05-24,2025-07-23,2025-07-20,Paid,57,0,0
INV-2026-01824,Granite Construction,Enterprise,PayFlow Technologies,145978.19,2026-03-27,2026-05-26,,Outstanding,44,0,0
INV-2026-01825,Lumen Software,SMB,SupplyChain Pro,4761.5,2026-01-21,2026-02-20,2026-02-10,Paid,20,0,0
INV-2026-01826,Orion Aerospace,Enterprise,TradeLedger Finance,69460.13,2025-12-03,2026-02-01,,Outstanding,158,1,98
INV-2026-01827,Ironclad Security,SMB,GreenLedger Systems,8457.54,2025-01-28,2025-02-27,,Outstanding,467,1,437
INV-2026-01828,Evergreen Health,Mid-Market,TradeLedger Finance,43336.28,2025-05-08,2025-06-22,2025-06-15,Paid,38,0,0
INV-2026-01829,Ironclad Security,SMB,FleetManage Co,5363.45,2026-01-12,2026-02-11,2026-02-17,Late,36,1,6
INV-2026-01830,Pinnacle Insurance,Mid-Market,SupplyChain Pro,39509.78,2025-07-26,2025-09-09,2025-09-04,Paid,40,0,0
INV-2026-01831,Xeno Packaging,SMB,PayFlow Technologies,10150.35,2026-03-24,2026-04-23,,Outstanding,47,1,17
INV-2026-01832,Northstar Wholesale,Mid-Market,NetScale Partners,40045.58,2025-08-07,2025-09-21,2025-09-13,Paid,37,0,0
INV-2026-01833,Lumen Software,SMB,NetScale Partners,7268.67,2026-01-26,2026-02-25,2026-02-24,Paid,29,0,0
INV-2026-01834,Acme Logistics,SMB,TradeLedger Finance,7364.96,2025-02-22,2025-03-24,2025-03-16,Paid,22,0,0
INV-2026-01835,Cascade Foods,Mid-Market,PayFlow Technologies,5562.15,2026-04-04,2026-05-19,,Outstanding,36,0,0
INV-2026-01836,Ironclad Security,SMB,CloudServe Inc,10429.76,2025-07-07,2025-08-06,2025-08-21,Late,45,1,15
INV-2026-01837,Riverstone Hotels,Mid-Market,InsightOps Ltd,29305.49,2024-12-09,2025-01-23,2025-01-23,Paid,45,0,0
INV-2026-01838,Evergreen Health,Mid-Market,FleetManage Co,14780.17,2025-01-12,2025-02-26,2025-02-26,Paid,45,0,0
INV-2026-01839,Lumen Software,SMB,NetScale Partners,4453.56,2025-10-12,2025-11-11,2025-11-10,Paid,29,0,0
INV-2026-01840,Brightline Retail,SMB,InsightOps Ltd,5564.06,2025-12-18,2026-01-17,2026-02-12,Late,56,1,26
INV-2026-01841,Union Transport,Mid-Market,WorkCapital Hub,23501.06,2024-12-07,2025-01-21,2025-01-16,Paid,40,0,0
INV-2026-01842,Ironclad Security,SMB,GreenLedger Systems,10043.1,2025-03-04,2025-04-03,2025-03-25,Paid,21,0,0
INV-2026-01843,Lumen Software,SMB,DataPipe Solutions,9905.0,2025-02-16,2025-03-18,2025-03-16,Paid,28,0,0
INV-2026-01844,Granite Construction,Enterprise,NetScale Partners,35149.93,2026-04-18,2026-06-17,,Outstanding,22,0,0
INV-2026-01845,Brightline Retail,SMB,GreenLedger Systems,2955.66,2025-04-20,2025-05-20,2025-05-13,Paid,23,0,0
INV-2026-01846,Terra Farms,SMB,GreenLedger Systems,8708.82,2025-03-31,2025-04-30,2025-04-28,Paid,28,0,0
INV-2026-01847,Keystone Energy,Enterprise,TradeLedger Finance,91331.5,2025-07-19,2025-09-17,2025-09-17,Paid,60,0,0
INV-2026-01848,Granite Construction,Enterprise,DataPipe Solutions,176578.73,2025-12-07,2026-02-05,2026-02-03,Paid,58,0,0
INV-2026-01849,Horizon Media,Mid-Market,NetScale Partners,21647.89,2025-02-17,2025-04-03,2025-03-27,Paid,38,0,0
INV-2026-01850,Brightline Retail,SMB,WorkCapital Hub,1647.22,2025-02-25,2025-03-27,2025-03-18,Paid,21,0,0
INV-2026-01851,Frontier Tech,SMB,SupplyChain Pro,6501.45,2025-12-25,2026-01-24,2026-01-24,Paid,30,0,0
INV-2026-01852,Xeno Packaging,SMB,GreenLedger Systems,2148.85,2025-01-12,2025-02-11,,Outstanding,483,1,453
INV-2026-01853,Riverstone Hotels,Mid-Market,DataPipe Solutions,7965.94,2025-04-22,2025-06-06,2025-07-30,Late,99,1,54
INV-2026-01854,Acme Logistics,SMB,SupplyChain Pro,6847.16,2025-12-10,2026-01-09,2026-01-02,Paid,23,0,0
INV-2026-01855,Westfield Properties,Mid-Market,FleetManage Co,15952.77,2026-02-17,2026-04-03,2026-04-30,Late,72,1,27
INV-2026-01856,Meridian Pharma,Enterprise,TradeLedger Finance,64668.66,2024-11-29,2025-01-28,2025-01-21,Paid,53,0,0
INV-2026-01857,Pinnacle Insurance,Mid-Market,FleetManage Co,8533.63,2026-04-18,2026-06-02,,Outstanding,22,0,0
INV-2026-01858,Orion Aerospace,Enterprise,PayFlow Technologies,25821.05,2024-12-14,2025-02-12,2025-02-11,Paid,59,0,0
INV-2026-01859,Pinnacle Insurance,Mid-Market,TradeLedger Finance,34373.83,2025-04-21,2025-06-05,2025-05-28,Paid,37,0,0
INV-2026-01860,Horizon Media,Mid-Market,CloudServe Inc,18654.87,2025-12-29,2026-02-12,,Outstanding,132,1,87
INV-2026-01861,Cascade Foods,Mid-Market,SupplyChain Pro,11114.9,2025-04-03,2025-05-18,2025-05-08,Paid,35,0,0
INV-2026-01862,Vertex Biotech,Enterprise,SupplyChain Pro,44209.42,2025-09-11,2025-11-10,2025-11-06,Paid,56,0,0
INV-2026-01863,Meridian Pharma,Enterprise,PayFlow Technologies,61144.99,2024-12-27,2025-02-25,2025-05-21,Late,145,1,85
INV-2026-01864,Acme Logistics,SMB,InsightOps Ltd,8583.42,2026-01-09,2026-02-08,2026-02-10,Late,32,1,2
INV-2026-01865,Yellowstone Mining,Enterprise,SupplyChain Pro,105421.73,2025-04-13,2025-06-12,2025-06-07,Paid,55,0,0
INV-2026-01866,Pinnacle Insurance,Mid-Market,TradeLedger Finance,24478.74,2026-01-22,2026-03-08,,Outstanding,108,1,63
INV-2026-01867,Westfield Properties,Mid-Market,DataPipe Solutions,15851.88,2026-02-23,2026-04-09,2026-03-31,Paid,36,0,0
INV-2026-01868,Yellowstone Mining,Enterprise,NetScale Partners,177839.31,2025-04-08,2025-06-07,2025-06-03,Paid,56,0,0
INV-2026-01870,Westfield Properties,Mid-Market,NetScale Partners,33944.44,2024-11-28,2025-01-12,2025-01-10,Paid,43,0,0
INV-2026-01871,Orion Aerospace,Enterprise,NetScale Partners,137729.74,2026-01-06,2026-03-07,2026-02-25,Paid,50,0,0
INV-2026-01872,Meridian Pharma,Enterprise,GreenLedger Systems,150143.59,2025-05-28,2025-07-27,2025-08-11,Late,75,1,15
INV-2026-01873,Keystone Energy,Enterprise,GreenLedger Systems,132852.16,2025-12-05,2026-02-03,2026-02-02,Paid,59,0,0
INV-2026-01874,Granite Construction,Enterprise,WorkCapital Hub,158318.99,2025-04-03,2025-06-02,2025-07-31,Late,119,1,59
INV-2026-01875,Riverstone Hotels,Mid-Market,FleetManage Co,43442.77,2025-10-27,2025-12-11,2025-12-05,Paid,39,0,0
INV-2026-01876,Vertex Biotech,Enterprise,SupplyChain Pro,54364.26,2026-02-05,2026-04-06,2026-04-01,Paid,55,0,0
INV-2026-01877,Lumen Software,SMB,SupplyChain Pro,7443.38,2025-12-06,2026-01-05,2026-01-03,Paid,28,0,0
INV-2026-01878,Ironclad Security,SMB,CloudServe Inc,1561.67,2025-03-01,2025-03-31,2025-05-10,Late,70,1,40
INV-2026-01879,Quantum Analytics,SMB,WorkCapital Hub,9351.91,2025-09-10,2025-10-10,2025-10-06,Paid,26,0,0
INV-2026-01880,Vertex Biotech,Enterprise,FleetManage Co,42461.0,2026-04-24,2026-06-23,,Outstanding,16,0,0
INV-2026-01881,Horizon Media,Mid-Market,InsightOps Ltd,21669.17,2026-03-17,2026-05-01,2026-04-24,Paid,38,0,0
INV-2026-01882,Summit Financial,Enterprise,WorkCapital Hub,156569.11,2025-12-06,2026-02-04,2026-02-04,Paid,60,0,0
INV-2026-01883,Pinnacle Insurance,Mid-Market,CloudServe Inc,30536.21,2025-02-26,2025-04-12,2025-05-06,Late,69,1,24
INV-2026-01884,Quantum Analytics,SMB,DataPipe Solutions,3386.0,2024-12-28,2025-01-27,2025-01-22,Paid,25,0,0
INV-2026-01885,Westfield Properties,Mid-Market,GreenLedger Systems,16467.71,2025-05-16,2025-06-30,2025-06-25,Paid,40,0,0
INV-2026-01886,Quantum Analytics,SMB,WorkCapital Hub,10009.27,2025-08-10,2025-09-09,2025-09-09,Paid,30,0,0
INV-2026-01887,Delta Manufacturing,Enterprise,DataPipe Solutions,130065.36,2025-05-07,2025-07-06,2025-09-13,Late,129,1,69
INV-2026-01888,Acme Logistics,SMB,WorkCapital Hub,9461.71,2025-08-05,2025-09-04,2025-08-28,Paid,23,0,0
INV-2026-01889,Juniper Consulting,Mid-Market,DataPipe Solutions,21204.73,2025-12-14,2026-01-28,2026-01-20,Paid,37,0,0
INV-2026-01890,Juniper Consulting,Mid-Market,NetScale Partners,18557.07,2025-09-26,2025-11-10,2025-11-08,Paid,43,0,0
INV-2026-01891,Xeno Packaging,SMB,PayFlow Technologies,3186.96,2025-09-15,2025-10-15,2025-10-10,Paid,25,0,0
INV-2026-01892,Quantum Analytics,SMB,SupplyChain Pro,4175.14,2026-03-10,2026-04-09,2026-04-07,Paid,28,0,0
INV-2026-01893,Quantum Analytics,SMB,InsightOps Ltd,8298.64,2025-11-30,2025-12-30,2025-12-21,Paid,21,0,0
INV-2026-01894,Keystone Energy,Enterprise,NetScale Partners,58435.2,2026-01-09,2026-03-10,2026-03-02,Paid,52,0,0
INV-2026-01895,Union Transport,Mid-Market,TradeLedger Finance,23072.89,2025-05-31,2025-07-15,2025-07-06,Paid,36,0,0
INV-2026-01896,Ironclad Security,SMB,FleetManage Co,3809.19,2026-02-13,2026-03-15,2026-03-12,Paid,27,0,0
INV-2026-01897,Brightline Retail,SMB,SupplyChain Pro,3745.72,2025-12-23,2026-01-22,2026-01-22,Paid,30,0,0
INV-2026-01898,Westfield Properties,Mid-Market,CloudServe Inc,36257.49,2025-04-28,2025-06-12,2025-06-10,Paid,43,0,0
INV-2026-01899,Cascade Foods,Mid-Market,CloudServe Inc,8196.73,2025-12-13,2026-01-27,2026-01-21,Paid,39,0,0
INV-2026-01900,Pinnacle Insurance,Mid-Market,TradeLedger Finance,19054.25,2026-03-18,2026-05-02,2026-04-22,Paid,35,0,0
INV-2026-01901,Horizon Media,Mid-Market,NetScale Partners,44336.89,2025-07-25,2025-09-08,2025-09-05,Paid,42,0,0
INV-2026-01902,Orion Aerospace,Enterprise,InsightOps Ltd,33076.2,2025-03-26,2025-05-25,2025-05-18,Paid,53,0,0
INV-2026-01903,Riverstone Hotels,Mid-Market,WorkCapital Hub,43574.72,2025-02-21,2025-04-07,2025-04-06,Paid,44,0,0
INV-2026-01904,Acme Logistics,SMB,InsightOps Ltd,7288.68,2026-03-07,2026-04-06,2026-03-30,Paid,23,0,0
INV-2026-01905,Horizon Media,Mid-Market,TradeLedger Finance,11107.25,2025-06-27,2025-08-11,2025-08-01,Paid,35,0,0
INV-2026-01906,Acme Logistics,SMB,WorkCapital Hub,7153.61,2025-01-16,2025-02-15,2025-02-09,Paid,24,0,0
INV-2026-01907,Horizon Media,Mid-Market,CloudServe Inc,28249.01,2025-05-22,2025-07-06,2025-07-01,Paid,40,0,0
INV-2026-01908,Westfield Properties,Mid-Market,CloudServe Inc,35183.0,2025-08-23,2025-10-07,,Outstanding,260,1,215
INV-2026-01909,Pinnacle Insurance,Mid-Market,FleetManage Co,25272.7,2025-03-16,2025-04-30,2025-04-25,Paid,40,0,0
INV-2026-01910,Orion Aerospace,Enterprise,CloudServe Inc,78554.36,2024-11-29,2025-01-28,2025-01-26,Paid,58,0,0
INV-2026-01911,Acme Logistics,SMB,PayFlow Technologies,8631.88,2025-08-29,2025-09-28,2025-09-29,Late,31,1,1
INV-2026-01912,Pinnacle Insurance,Mid-Market,PayFlow Technologies,12534.62,2025-05-09,2025-06-23,2025-06-23,Paid,45,0,0
INV-2026-01913,Vertex Biotech,Enterprise,DataPipe Solutions,139231.65,2025-02-19,2025-04-20,2025-04-17,Paid,57,0,0
INV-2026-01914,Meridian Pharma,Enterprise,PayFlow Technologies,88457.11,2025-04-21,2025-06-20,2025-06-16,Paid,56,0,0
INV-2026-01915,Horizon Media,Mid-Market,WorkCapital Hub,25736.88,2025-11-14,2025-12-29,2025-12-24,Paid,40,0,0
INV-2026-01916,Vertex Biotech,Enterprise,WorkCapital Hub,137275.08,2025-01-13,2025-03-14,2025-03-14,Paid,60,0,0
INV-2026-01917,Brightline Retail,SMB,CloudServe Inc,4441.51,2026-04-19,2026-05-19,,Outstanding,21,0,0
INV-2026-01918,Riverstone Hotels,Mid-Market,CloudServe Inc,12268.15,2025-12-04,2026-01-18,2026-02-06,Late,64,1,19
INV-2026-01919,Delta Manufacturing,Enterprise,TradeLedger Finance,93387.72,2026-04-09,2026-06-08,,Outstanding,31,0,0
INV-2026-01920,Northstar Wholesale,Mid-Market,WorkCapital Hub,5631.5,2026-03-13,2026-04-27,2026-04-27,Paid,45,0,0
INV-2026-01921,Pinnacle Insurance,Mid-Market,FleetManage Co,24286.99,2025-10-21,2025-12-05,2025-11-30,Paid,40,0,0
INV-2026-01922,Evergreen Health,Mid-Market,DataPipe Solutions,15057.64,2025-06-03,2025-07-18,2025-07-08,Paid,35,0,0
INV-2026-01923,Frontier Tech,SMB,InsightOps Ltd,6912.31,2025-07-27,2025-08-26,2025-08-19,Paid,23,0,0
INV-2026-01924,Xeno Packaging,SMB,TradeLedger Finance,9819.32,2026-04-30,2026-05-30,,Outstanding,10,0,0
INV-2026-01925,Ironclad Security,SMB,SupplyChain Pro,3226.72,2025-12-22,2026-01-21,,Outstanding,139,1,109
INV-2026-01926,Frontier Tech,SMB,SupplyChain Pro,837.66,2025-10-10,2025-11-09,2025-11-08,Paid,29,0,0
INV-2026-01927,Evergreen Health,Mid-Market,NetScale Partners,29808.36,2024-12-07,2025-01-21,2025-01-15,Paid,39,0,0
INV-2026-01928,Orion Aerospace,Enterprise,SupplyChain Pro,86677.82,2026-04-12,2026-06-11,,Outstanding,28,0,0
INV-2026-01929,Delta Manufacturing,Enterprise,CloudServe Inc,48777.36,2024-11-22,2025-01-21,2025-01-21,Paid,60,0,0
INV-2026-01930,Riverstone Hotels,Mid-Market,DataPipe Solutions,15231.96,2025-02-12,2025-03-29,2025-03-24,Paid,40,0,0
INV-2026-01931,Riverstone Hotels,Mid-Market,PayFlow Technologies,16213.68,2025-07-02,2025-08-16,2025-08-08,Paid,37,0,0
INV-2026-01932,Westfield Properties,Mid-Market,WorkCapital Hub,29268.44,2026-01-28,2026-03-14,2026-03-07,Paid,38,0,0
INV-2026-01933,Evergreen Health,Mid-Market,PayFlow Technologies,31703.14,2025-12-17,2026-01-31,2026-01-29,Paid,43,0,0
INV-2026-01934,Summit Financial,Enterprise,SupplyChain Pro,141477.05,2026-05-02,2026-07-01,,Outstanding,8,0,0
INV-2026-01935,Juniper Consulting,Mid-Market,NetScale Partners,38334.65,2025-07-21,2025-09-04,2025-09-02,Paid,43,0,0
INV-2026-01936,Delta Manufacturing,Enterprise,SupplyChain Pro,163822.1,2025-10-25,2025-12-24,2025-12-22,Paid,58,0,0
INV-2026-01937,Frontier Tech,SMB,PayFlow Technologies,3486.51,2025-09-03,2025-10-03,2025-10-20,Late,47,1,17
INV-2026-01938,Juniper Consulting,Mid-Market,InsightOps Ltd,25933.33,2025-01-31,2025-03-17,2025-03-16,Paid,44,0,0
INV-2026-01939,Ironclad Security,SMB,DataPipe Solutions,10263.82,2024-12-30,2025-01-29,2025-01-20,Paid,21,0,0
INV-2026-01940,Evergreen Health,Mid-Market,FleetManage Co,24559.05,2026-01-03,2026-02-17,2026-02-15,Paid,43,0,0
INV-2026-01941,Meridian Pharma,Enterprise,GreenLedger Systems,136694.0,2025-04-01,2025-05-31,2025-05-23,Paid,52,0,0
INV-2026-01942,Union Transport,Mid-Market,FleetManage Co,42633.38,2026-01-08,2026-02-22,2026-04-27,Late,109,1,64
INV-2026-01943,Evergreen Health,Mid-Market,FleetManage Co,15010.05,2024-12-25,2025-02-08,2025-01-31,Paid,37,0,0
INV-2026-01944,Orion Aerospace,Enterprise,DataPipe Solutions,52703.05,2025-07-17,2025-09-15,2025-10-30,Late,105,1,45
INV-2026-01945,Pinnacle Insurance,Mid-Market,GreenLedger Systems,41844.11,2026-04-06,2026-05-21,,Outstanding,34,0,0
INV-2026-01946,Evergreen Health,Mid-Market,PayFlow Technologies,37772.59,2025-09-10,2025-10-25,2025-10-15,Paid,35,0,0
INV-2026-01947,Ironclad Security,SMB,SupplyChain Pro,3659.45,2024-12-26,2025-01-25,2025-01-15,Paid,20,0,0
INV-2026-01948,Brightline Retail,SMB,GreenLedger Systems,5180.66,2024-12-14,2025-01-13,,Outstanding,512,1,482
INV-2026-01949,Yellowstone Mining,Enterprise,PayFlow Technologies,58765.91,2024-12-10,2025-02-08,2025-02-08,Paid,60,0,0
INV-2026-01950,Ironclad Security,SMB,NetScale Partners,7670.39,2026-01-18,2026-02-17,2026-02-07,Paid,20,0,0
INV-2026-01951,Ironclad Security,SMB,GreenLedger Systems,7806.05,2026-04-25,2026-05-25,,Outstanding,15,0,0
INV-2026-01952,Horizon Media,Mid-Market,GreenLedger Systems,26273.47,2026-01-30,2026-03-16,2026-03-15,Paid,44,0,0
INV-2026-01953,Brightline Retail,SMB,InsightOps Ltd,1396.71,2025-11-22,2025-12-22,2025-12-20,Paid,28,0,0
INV-2026-01954,Pinnacle Insurance,Mid-Market,FleetManage Co,33133.54,2025-12-24,2026-02-07,2026-02-01,Paid,39,0,0
INV-2026-01955,Cascade Foods,Mid-Market,NetScale Partners,19328.8,2025-07-10,2025-08-24,2025-08-19,Paid,40,0,0
INV-2026-01956,Brightline Retail,SMB,InsightOps Ltd,8643.39,2025-01-17,2025-02-16,2025-02-26,Late,40,1,10
INV-2026-01957,Orion Aerospace,Enterprise,TradeLedger Finance,134314.9,2024-12-09,2025-02-07,2025-01-28,Paid,50,0,0
INV-2026-01958,Brightline Retail,SMB,WorkCapital Hub,11888.09,2025-09-12,2025-10-12,2025-10-07,Paid,25,0,0
INV-2026-01959,Granite Construction,Enterprise,PayFlow Technologies,130184.64,2026-03-04,2026-05-03,2026-04-24,Paid,51,0,0
INV-2026-01960,Riverstone Hotels,Mid-Market,FleetManage Co,29584.89,2025-02-06,2025-03-23,2025-05-01,Late,84,1,39
INV-2026-01961,Granite Construction,Enterprise,TradeLedger Finance,85490.14,2025-06-15,2025-08-14,2025-08-27,Late,73,1,13
INV-2026-01962,Lumen Software,SMB,PayFlow Technologies,5547.39,2025-10-10,2025-11-09,2025-11-01,Paid,22,0,0
INV-2026-01963,Yellowstone Mining,Enterprise,InsightOps Ltd,41019.88,2025-10-30,2025-12-29,2026-03-10,Late,131,1,71
INV-2026-01964,Evergreen Health,Mid-Market,SupplyChain Pro,17267.77,2025-04-20,2025-06-04,2025-05-26,Paid,36,0,0
INV-2026-01965,Brightline Retail,SMB,InsightOps Ltd,8816.39,2025-09-29,2025-10-29,2025-10-22,Paid,23,0,0
INV-2026-01966,Yellowstone Mining,Enterprise,CloudServe Inc,127899.33,2025-02-23,2025-04-24,2025-04-23,Paid,59,0,0
INV-2026-01967,Meridian Pharma,Enterprise,SupplyChain Pro,149115.13,2024-12-27,2025-02-25,2025-02-16,Paid,51,0,0
INV-2026-01968,Meridian Pharma,Enterprise,DataPipe Solutions,84586.35,2025-12-26,2026-02-24,2026-02-14,Paid,50,0,0
INV-2026-01969,Xeno Packaging,SMB,NetScale Partners,5379.43,2025-06-13,2025-07-13,2025-07-22,Late,39,1,9
INV-2026-01970,Northstar Wholesale,Mid-Market,DataPipe Solutions,37800.19,2024-12-05,2025-01-19,2025-01-16,Paid,42,0,0
INV-2026-01971,Horizon Media,Mid-Market,PayFlow Technologies,9798.7,2026-02-15,2026-04-01,2026-04-03,Late,47,1,2
INV-2026-01972,Xeno Packaging,SMB,WorkCapital Hub,1588.55,2025-02-16,2025-03-18,2025-03-16,Paid,28,0,0
INV-2026-01973,Pinnacle Insurance,Mid-Market,NetScale Partners,25743.96,2025-04-14,2025-05-29,2025-05-21,Paid,37,0,0
INV-2026-01974,Evergreen Health,Mid-Market,GreenLedger Systems,22576.22,2026-04-13,2026-05-28,,Outstanding,27,0,0
INV-2026-01975,Frontier Tech,SMB,GreenLedger Systems,11220.33,2025-04-29,2025-05-29,2025-05-29,Paid,30,0,0
INV-2026-01976,Delta Manufacturing,Enterprise,DataPipe Solutions,47852.94,2024-11-22,2025-01-21,2025-01-14,Paid,53,0,0
INV-2026-01977,Orion Aerospace,Enterprise,FleetManage Co,63598.51,2025-01-01,2025-03-02,2025-05-02,Late,121,1,61
INV-2026-01978,Orion Aerospace,Enterprise,WorkCapital Hub,157180.38,2025-09-01,2025-10-31,2025-10-26,Paid,55,0,0
INV-2026-01979,Granite Construction,Enterprise,DataPipe Solutions,88801.19,2025-08-23,2025-10-22,2025-10-16,Paid,54,0,0
INV-2026-01980,Riverstone Hotels,Mid-Market,CloudServe Inc,31987.41,2026-01-20,2026-03-06,2026-02-25,Paid,36,0,0
INV-2026-01981,Terra Farms,SMB,NetScale Partners,11838.04,2025-07-05,2025-08-04,2025-07-28,Paid,23,0,0
INV-2026-01982,Delta Manufacturing,Enterprise,NetScale Partners,35285.63,2025-12-04,2026-02-02,2026-04-08,Late,125,1,65
INV-2026-01983,Juniper Consulting,Mid-Market,CloudServe Inc,25008.3,2026-03-03,2026-04-17,2026-04-14,Paid,42,0,0
INV-2026-01984,Horizon Media,Mid-Market,NetScale Partners,43790.56,2025-05-25,2025-07-09,2025-07-06,Paid,42,0,0
INV-2026-01985,Frontier Tech,SMB,NetScale Partners,8614.06,2025-05-27,2025-06-26,2025-06-22,Paid,26,0,0
INV-2026-01986,Cascade Foods,Mid-Market,CloudServe Inc,7092.2,2025-01-23,2025-03-09,2025-03-08,Paid,44,0,0
INV-2026-01987,Terra Farms,SMB,FleetManage Co,5477.13,2025-05-03,2025-06-02,2025-05-27,Paid,24,0,0
INV-2026-01989,Summit Financial,Enterprise,GreenLedger Systems,68147.23,2026-02-28,2026-04-29,,Outstanding,71,1,11
INV-2026-01990,Summit Financial,Enterprise,WorkCapital Hub,107365.33,2025-07-14,2025-09-12,2025-11-28,Late,137,1,77
INV-2026-01991,Quantum Analytics,SMB,SupplyChain Pro,7836.91,2026-04-16,2026-05-16,2026-05-07,Paid,21,0,0
INV-2026-01992,Cascade Foods,Mid-Market,PayFlow Technologies,32740.21,2026-04-07,2026-05-22,,Outstanding,33,0,0
INV-2026-01993,Evergreen Health,Mid-Market,InsightOps Ltd,44997.89,2025-11-04,2025-12-19,,Outstanding,187,1,142
INV-2026-01994,Frontier Tech,SMB,SupplyChain Pro,5887.58,2025-07-17,2025-08-16,2025-08-07,Paid,21,0,0
INV-2026-01995,Quantum Analytics,SMB,GreenLedger Systems,10143.43,2025-01-30,2025-03-01,2025-02-23,Paid,24,0,0
INV-2026-01996,Westfield Properties,Mid-Market,DataPipe Solutions,24328.87,2026-02-22,2026-04-08,2026-04-03,Paid,40,0,0
INV-2026-01997,Vertex Biotech,Enterprise,CloudServe Inc,158100.27,2026-01-01,2026-03-02,2026-02-25,Paid,55,0,0
INV-2026-01998,Cascade Foods,Mid-Market,NetScale Partners,12224.89,2025-12-29,2026-02-12,2026-02-05,Paid,38,0,0
INV-2026-01999,Frontier Tech,SMB,DataPipe Solutions,7964.29,2025-12-19,2026-01-18,2026-01-14,Paid,26,0,0
INV-2026-02000,Cascade Foods,Mid-Market,TradeLedger Finance,25609.43,2025-04-06,2025-05-21,2025-05-16,Paid,40,0,0
INV-2026-02001,Lumen Software,SMB,WorkCapital Hub,10656.02,2026-02-24,2026-03-26,2026-03-26,Paid,30,0,0
INV-2026-02002,Delta Manufacturing,Enterprise,PayFlow Technologies,160487.93,2025-02-08,2025-04-09,2025-04-07,Paid,58,0,0
INV-2026-02003,Juniper Consulting,Mid-Market,WorkCapital Hub,42539.38,2025-03-12,2025-04-26,2025-04-19,Paid,38,0,0
INV-2026-02004,Frontier Tech,SMB,TradeLedger Finance,2724.38,2024-12-14,2025-01-13,2025-01-05,Paid,22,0,0
INV-2026-02005,Ironclad Security,SMB,FleetManage Co,6873.98,2026-03-30,2026-04-29,,Outstanding,41,1,11
INV-2026-02006,Westfield Properties,Mid-Market,DataPipe Solutions,5486.51,2025-12-27,2026-02-10,2026-02-02,Paid,37,0,0
INV-2026-02007,Brightline Retail,SMB,CloudServe Inc,3650.19,2025-09-11,2025-10-11,2025-10-10,Paid,29,0,0
INV-2026-02008,Terra Farms,SMB,SupplyChain Pro,5074.04,2026-05-04,2026-06-03,,Outstanding,6,0,0
INV-2026-02009,Summit Financial,Enterprise,InsightOps Ltd,105400.32,2025-08-21,2025-10-20,2025-12-27,Late,128,1,68
INV-2026-02010,Brightline Retail,SMB,PayFlow Technologies,4996.04,2025-02-27,2025-03-29,2025-03-23,Paid,24,0,0
INV-2026-02011,Quantum Analytics,SMB,NetScale Partners,5239.47,2024-12-14,2025-01-13,2025-01-11,Paid,28,0,0
INV-2026-02012,Northstar Wholesale,Mid-Market,SupplyChain Pro,28668.82,2026-04-21,2026-06-05,,Outstanding,19,0,0
INV-2026-02013,Westfield Properties,Mid-Market,TradeLedger Finance,43638.24,2026-04-05,2026-05-20,,Outstanding,35,0,0
INV-2026-02014,Pinnacle Insurance,Mid-Market,WorkCapital Hub,16900.01,2025-09-21,2025-11-05,2025-11-17,Late,57,1,12
INV-2026-02015,Frontier Tech,SMB,CloudServe Inc,10760.02,2026-01-06,2026-02-05,2026-01-26,Paid,20,0,0
INV-2026-02016,Granite Construction,Enterprise,WorkCapital Hub,176007.04,2024-12-17,2025-02-15,2025-02-14,Paid,59,0,0
INV-2026-02017,Cascade Foods,Mid-Market,InsightOps Ltd,21554.02,2026-01-18,2026-03-04,2026-02-22,Paid,35,0,0
INV-2026-02018,Keystone Energy,Enterprise,NetScale Partners,50264.11,2026-01-21,2026-03-22,2026-03-14,Paid,52,0,0
INV-2026-02019,Union Transport,Mid-Market,SupplyChain Pro,38455.81,2026-03-03,2026-04-17,2026-04-11,Paid,39,0,0
INV-2026-02020,Northstar Wholesale,Mid-Market,CloudServe Inc,21067.68,2026-04-04,2026-05-19,,Outstanding,36,0,0
INV-2026-02021,Union Transport,Mid-Market,GreenLedger Systems,8165.98,2026-01-03,2026-02-17,2026-02-10,Paid,38,0,0
INV-2026-02022,Horizon Media,Mid-Market,SupplyChain Pro,13519.51,2025-04-08,2025-05-23,2025-05-14,Paid,36,0,0
INV-2026-02023,Frontier Tech,SMB,SupplyChain Pro,8516.57,2026-01-14,2026-02-13,2026-02-03,Paid,20,0,0
INV-2026-02024,Yellowstone Mining,Enterprise,PayFlow Technologies,38045.1,2025-07-29,2025-09-27,2025-09-26,Paid,59,0,0
INV-2026-02025,Vertex Biotech,Enterprise,FleetManage Co,161490.28,2025-02-21,2025-04-22,2025-07-19,Late,148,1,88
INV-2026-02026,Pinnacle Insurance,Mid-Market,SupplyChain Pro,20632.61,2025-10-29,2025-12-13,2025-12-13,Paid,45,0,0
INV-2026-02027,Keystone Energy,Enterprise,SupplyChain Pro,162313.77,2024-12-29,2025-02-27,2025-04-24,Late,116,1,56
INV-2026-02028,Xeno Packaging,SMB,InsightOps Ltd,3104.28,2025-03-29,2025-04-28,2025-04-25,Paid,27,0,0
INV-2026-02029,Meridian Pharma,Enterprise,WorkCapital Hub,75744.61,2025-08-04,2025-10-03,2025-10-01,Paid,58,0,0
INV-2026-02030,Keystone Energy,Enterprise,CloudServe Inc,128243.17,2025-09-09,2025-11-08,2025-11-02,Paid,54,0,0
INV-2026-02031,Summit Financial,Enterprise,InsightOps Ltd,52950.29,2025-11-05,2026-01-04,2025-12-25,Paid,50,0,0
INV-2026-02032,Quantum Analytics,SMB,DataPipe Solutions,10368.78,2025-03-22,2025-04-21,2025-04-14,Paid,23,0,0
INV-2026-02033,Northstar Wholesale,Mid-Market,FleetManage Co,22255.56,2024-11-30,2025-01-14,2025-01-04,Paid,35,0,0
INV-2026-02034,Evergreen Health,Mid-Market,NetScale Partners,26366.02,2025-06-22,2025-08-06,2025-07-27,Paid,35,0,0
INV-2026-02035,Meridian Pharma,Enterprise,InsightOps Ltd,37786.6,2025-07-27,2025-09-25,2025-09-25,Paid,60,0,0
INV-2026-02036,Granite Construction,Enterprise,NetScale Partners,140651.98,2025-08-16,2025-10-15,2025-10-07,Paid,52,0,0
INV-2026-02037,Evergreen Health,Mid-Market,SupplyChain Pro,44601.0,2024-12-11,2025-01-25,2025-01-19,Paid,39,0,0
INV-2026-02038,Westfield Properties,Mid-Market,DataPipe Solutions,29296.4,2026-04-11,2026-05-26,,Outstanding,29,0,0
INV-2026-02039,Yellowstone Mining,Enterprise,FleetManage Co,49779.39,2025-05-23,2025-07-22,2025-07-15,Paid,53,0,0
INV-2026-02040,Summit Financial,Enterprise,SupplyChain Pro,34240.82,2025-06-20,2025-08-19,2025-08-16,Paid,57,0,0
INV-2026-02041,Terra Farms,SMB,SupplyChain Pro,9569.41,2024-11-23,2024-12-23,2024-12-20,Paid,27,0,0
INV-2026-02042,Summit Financial,Enterprise,WorkCapital Hub,125483.71,2026-01-11,2026-03-12,2026-03-12,Paid,60,0,0
INV-2026-02043,Westfield Properties,Mid-Market,InsightOps Ltd,13163.86,2025-02-03,2025-03-20,2025-03-20,Paid,45,0,0
INV-2026-02044,Westfield Properties,Mid-Market,DataPipe Solutions,12818.25,2025-05-04,2025-06-18,2025-06-17,Paid,44,0,0
INV-2026-02045,Xeno Packaging,SMB,SupplyChain Pro,6140.91,2026-01-18,2026-02-17,2026-02-13,Paid,26,0,0
INV-2026-02046,Terra Farms,SMB,NetScale Partners,7340.97,2026-01-10,2026-02-09,2026-02-03,Paid,24,0,0
INV-2026-02047,Terra Farms,SMB,WorkCapital Hub,9053.1,2025-04-12,2025-05-12,2025-05-10,Paid,28,0,0
INV-2026-02048,Vertex Biotech,Enterprise,SupplyChain Pro,128314.7,2025-07-11,2025-09-09,,Outstanding,303,1,243
INV-2026-02049,Terra Farms,SMB,PayFlow Technologies,7177.75,2025-12-10,2026-01-09,2026-01-04,Paid,25,0,0
INV-2026-02050,Horizon Media,Mid-Market,DataPipe Solutions,17990.58,2025-06-28,2025-08-12,2025-08-04,Paid,37,0,0
INV-2026-02051,Quantum Analytics,SMB,DataPipe Solutions,8250.94,2025-12-31,2026-01-30,2026-01-21,Paid,21,0,0
INV-2026-02052,Cascade Foods,Mid-Market,NetScale Partners,13869.81,2025-12-15,2026-01-29,2026-01-26,Paid,42,0,0
INV-2026-02053,Cascade Foods,Mid-Market,NetScale Partners,22790.56,2025-11-29,2026-01-13,,Outstanding,162,1,117
INV-2026-02054,Riverstone Hotels,Mid-Market,GreenLedger Systems,41944.05,2025-06-28,2025-08-12,2025-08-12,Paid,45,0,0
INV-2026-02055,Brightline Retail,SMB,WorkCapital Hub,8143.2,2025-02-22,2025-03-24,2025-03-21,Paid,27,0,0
INV-2026-02056,Westfield Properties,Mid-Market,SupplyChain Pro,10712.9,2025-05-05,2025-06-19,2025-06-16,Paid,42,0,0
INV-2026-02057,Acme Logistics,SMB,WorkCapital Hub,7976.59,2025-04-25,2025-05-25,2025-05-17,Paid,22,0,0
INV-2026-02058,Evergreen Health,Mid-Market,SupplyChain Pro,37272.48,2025-04-22,2025-06-06,2025-06-05,Paid,44,0,0
INV-2026-02059,Xeno Packaging,SMB,GreenLedger Systems,8851.56,2025-09-03,2025-10-03,2025-09-27,Paid,24,0,0
INV-2026-02060,Frontier Tech,SMB,PayFlow Technologies,2544.2,2026-02-06,2026-03-08,2026-02-28,Paid,22,0,0
INV-2026-02061,Meridian Pharma,Enterprise,NetScale Partners,104549.53,2025-03-20,2025-05-19,2025-05-09,Paid,50,0,0
INV-2026-02062,Vertex Biotech,Enterprise,CloudServe Inc,61089.06,2025-12-16,2026-02-14,2026-04-17,Late,122,1,62
INV-2026-02063,Union Transport,Mid-Market,InsightOps Ltd,9995.49,2026-04-25,2026-06-09,,Outstanding,15,0,0
INV-2026-02064,Xeno Packaging,SMB,SupplyChain Pro,1913.03,2025-11-01,2025-12-01,2025-11-21,Paid,20,0,0
INV-2026-02065,Westfield Properties,Mid-Market,TradeLedger Finance,42795.46,2026-05-06,2026-06-20,,Outstanding,4,0,0
INV-2026-02066,Vertex Biotech,Enterprise,TradeLedger Finance,115048.59,2025-02-16,2025-04-17,2025-06-18,Late,122,1,62
INV-2026-02067,Yellowstone Mining,Enterprise,NetScale Partners,77678.47,2025-05-20,2025-07-19,2025-09-09,Late,112,1,52
INV-2026-02068,Orion Aerospace,Enterprise,InsightOps Ltd,71155.63,2025-01-03,2025-03-04,2025-03-02,Paid,58,0,0
INV-2026-02069,Union Transport,Mid-Market,DataPipe Solutions,33777.79,2025-09-11,2025-10-26,2025-12-02,Late,82,1,37
INV-2026-02070,Cascade Foods,Mid-Market,FleetManage Co,10393.65,2025-10-23,2025-12-07,2025-11-30,Paid,38,0,0
INV-2026-02071,Riverstone Hotels,Mid-Market,FleetManage Co,7090.57,2025-03-30,2025-05-14,2025-05-16,Late,47,1,2
INV-2026-02072,Lumen Software,SMB,WorkCapital Hub,9034.49,2025-10-20,2025-11-19,2025-11-17,Paid,28,0,0
INV-2026-02073,Orion Aerospace,Enterprise,FleetManage Co,145848.21,2025-10-04,2025-12-03,2025-11-26,Paid,53,0,0
INV-2026-02074,Quantum Analytics,SMB,SupplyChain Pro,829.45,2025-12-27,2026-01-26,2026-01-17,Paid,21,0,0
INV-2026-02075,Vertex Biotech,Enterprise,NetScale Partners,123700.13,2024-11-18,2025-01-17,2025-01-07,Paid,50,0,0
INV-2026-02076,Cascade Foods,Mid-Market,NetScale Partners,13624.79,2025-10-08,2025-11-22,2025-11-13,Paid,36,0,0
INV-2026-02077,Xeno Packaging,SMB,FleetManage Co,8225.76,2026-02-07,2026-03-09,,Outstanding,92,1,62
INV-2026-02078,Vertex Biotech,Enterprise,FleetManage Co,82475.33,2025-04-08,2025-06-07,2025-06-05,Paid,58,0,0
INV-2026-02079,Xeno Packaging,SMB,PayFlow Technologies,3907.26,2025-08-29,2025-09-28,,Outstanding,254,1,224
INV-2026-02080,Quantum Analytics,SMB,GreenLedger Systems,2592.67,2025-11-05,2025-12-05,2025-12-26,Late,51,1,21
INV-2026-02081,Summit Financial,Enterprise,WorkCapital Hub,49298.38,2025-08-21,2025-10-20,2025-10-14,Paid,54,0,0
INV-2026-02082,Quantum Analytics,SMB,WorkCapital Hub,11961.18,2025-04-20,2025-05-20,2025-05-15,Paid,25,0,0
INV-2026-02083,Summit Financial,Enterprise,CloudServe Inc,107981.48,2025-03-16,2025-05-15,2025-05-10,Paid,55,0,0
INV-2026-02084,Summit Financial,Enterprise,WorkCapital Hub,175647.1,2025-10-15,2025-12-14,2025-12-14,Paid,60,0,0
INV-2026-02085,Granite Construction,Enterprise,NetScale Partners,36988.32,2025-10-22,2025-12-21,2025-12-13,Paid,52,0,0
INV-2026-02086,Westfield Properties,Mid-Market,FleetManage Co,11417.24,2026-03-06,2026-04-20,2026-04-10,Paid,35,0,0
INV-2026-02087,Summit Financial,Enterprise,CloudServe Inc,51645.85,2025-11-18,2026-01-17,2026-03-24,Late,126,1,66
INV-2026-02088,Yellowstone Mining,Enterprise,PayFlow Technologies,86482.08,2026-01-08,2026-03-09,2026-04-27,Late,109,1,49
INV-2026-02089,Summit Financial,Enterprise,WorkCapital Hub,131561.89,2025-05-04,2025-07-03,2025-06-29,Paid,56,0,0
INV-2026-02090,Brightline Retail,SMB,SupplyChain Pro,3449.73,2026-02-17,2026-03-19,2026-03-17,Paid,28,0,0
INV-2026-02091,Meridian Pharma,Enterprise,FleetManage Co,43460.1,2026-02-05,2026-04-06,2026-03-31,Paid,54,0,0
INV-2026-02092,Cascade Foods,Mid-Market,SupplyChain Pro,19000.44,2025-09-27,2025-11-11,2025-11-06,Paid,40,0,0
INV-2026-02093,Orion Aerospace,Enterprise,GreenLedger Systems,162835.94,2026-04-15,2026-06-14,,Outstanding,25,0,0
INV-2026-02094,Northstar Wholesale,Mid-Market,DataPipe Solutions,16430.78,2024-11-27,2025-01-11,2025-01-08,Paid,42,0,0
INV-2026-02095,Frontier Tech,SMB,NetScale Partners,10188.73,2026-04-04,2026-05-04,,Outstanding,36,1,6
INV-2026-02096,Pinnacle Insurance,Mid-Market,PayFlow Technologies,13182.8,2025-09-12,2025-10-27,2025-12-23,Late,102,1,57
INV-2026-02097,Orion Aerospace,Enterprise,InsightOps Ltd,117558.06,2024-12-18,2025-02-16,2025-02-10,Paid,54,0,0
INV-2026-02098,Quantum Analytics,SMB,SupplyChain Pro,3888.75,2025-12-21,2026-01-20,2026-01-14,Paid,24,0,0
INV-2026-02099,Union Transport,Mid-Market,NetScale Partners,22835.5,2025-05-22,2025-07-06,2025-06-28,Paid,37,0,0
INV-2026-02100,Orion Aerospace,Enterprise,GreenLedger Systems,104965.21,2025-07-30,2025-09-28,2025-09-28,Paid,60,0,0
INV-2026-02101,Juniper Consulting,Mid-Market,FleetManage Co,26383.26,2025-01-24,2025-03-10,2025-03-01,Paid,36,0,0
INV-2026-02102,Juniper Consulting,Mid-Market,TradeLedger Finance,29550.13,2025-12-24,2026-02-07,2026-02-06,Paid,44,0,0
INV-2026-02103,Meridian Pharma,Enterprise,SupplyChain Pro,56223.97,2025-11-05,2026-01-04,,Outstanding,186,1,126
INV-2026-02104,Riverstone Hotels,Mid-Market,CloudServe Inc,20800.54,2025-06-03,2025-07-18,2025-07-16,Paid,43,0,0
INV-2026-02105,Vertex Biotech,Enterprise,FleetManage Co,102499.8,2024-12-23,2025-02-21,2025-02-16,Paid,55,0,0
INV-2026-02106,Delta Manufacturing,Enterprise,WorkCapital Hub,119259.53,2024-12-28,2025-02-26,2025-02-17,Paid,51,0,0
INV-2026-02107,Terra Farms,SMB,GreenLedger Systems,3243.47,2024-12-04,2025-01-03,2024-12-28,Paid,24,0,0
INV-2026-02108,Delta Manufacturing,Enterprise,SupplyChain Pro,155155.57,2025-06-08,2025-08-07,2025-07-28,Paid,50,0,0
INV-2026-02109,Westfield Properties,Mid-Market,InsightOps Ltd,22016.82,2026-01-14,2026-02-28,2026-02-20,Paid,37,0,0
INV-2026-02110,Horizon Media,Mid-Market,FleetManage Co,23119.93,2025-12-30,2026-02-13,2026-02-06,Paid,38,0,0
INV-2026-02111,Union Transport,Mid-Market,FleetManage Co,32577.77,2025-03-21,2025-05-05,2025-04-29,Paid,39,0,0
INV-2026-02112,Delta Manufacturing,Enterprise,CloudServe Inc,119192.46,2026-03-12,2026-05-11,,Outstanding,59,0,0
INV-2026-02113,Meridian Pharma,Enterprise,GreenLedger Systems,62909.61,2025-06-02,2025-08-01,2025-08-28,Late,87,1,27
INV-2026-02114,Riverstone Hotels,Mid-Market,PayFlow Technologies,5180.24,2025-01-19,2025-03-05,2025-03-04,Paid,44,0,0
INV-2026-02115,Union Transport,Mid-Market,DataPipe Solutions,9314.77,2025-06-07,2025-07-22,2025-07-22,Paid,45,0,0
INV-2026-02116,Terra Farms,SMB,PayFlow Technologies,11752.68,2025-07-18,2025-08-17,,Outstanding,296,1,266
INV-2026-02117,Brightline Retail,SMB,FleetManage Co,3952.79,2025-03-01,2025-03-31,2025-04-07,Late,37,1,7
INV-2026-02118,Orion Aerospace,Enterprise,NetScale Partners,72198.77,2026-02-13,2026-04-14,2026-04-08,Paid,54,0,0
INV-2026-02119,Yellowstone Mining,Enterprise,DataPipe Solutions,146096.16,2026-04-10,2026-06-09,,Outstanding,30,0,0
INV-2026-02120,Pinnacle Insurance,Mid-Market,SupplyChain Pro,27100.98,2024-11-20,2025-01-04,2025-02-16,Late,88,1,43
INV-2026-02121,Vertex Biotech,Enterprise,InsightOps Ltd,137048.42,2024-11-26,2025-01-25,2025-01-20,Paid,55,0,0
INV-2026-02122,Keystone Energy,Enterprise,CloudServe Inc,100347.44,2026-04-13,2026-06-12,,Outstanding,27,0,0
INV-2026-02123,Delta Manufacturing,Enterprise,GreenLedger Systems,132004.52,2026-02-24,2026-04-25,2026-04-20,Paid,55,0,0
INV-2026-02124,Lumen Software,SMB,CloudServe Inc,2758.99,2025-09-01,2025-10-01,2025-10-01,Paid,30,0,0
INV-2026-02125,Summit Financial,Enterprise,TradeLedger Finance,136276.53,2025-02-14,2025-04-15,2025-04-09,Paid,54,0,0
INV-2026-02126,Meridian Pharma,Enterprise,CloudServe Inc,44666.5,2025-05-19,2025-07-18,2025-10-15,Late,149,1,89
INV-2026-02127,Yellowstone Mining,Enterprise,NetScale Partners,154537.52,2024-12-20,2025-02-18,2025-02-12,Paid,54,0,0
INV-2026-02128,Westfield Properties,Mid-Market,WorkCapital Hub,26623.24,2025-10-21,2025-12-05,2025-12-04,Paid,44,0,0
INV-2026-02129,Yellowstone Mining,Enterprise,PayFlow Technologies,123917.25,2025-03-03,2025-05-02,2025-06-16,Late,105,1,45
INV-2026-02130,Lumen Software,SMB,DataPipe Solutions,6562.98,2026-01-21,2026-02-20,2026-02-10,Paid,20,0,0
INV-2026-02131,Juniper Consulting,Mid-Market,DataPipe Solutions,38031.61,2025-03-08,2025-04-22,2025-06-16,Late,100,1,55
INV-2026-02132,Riverstone Hotels,Mid-Market,NetScale Partners,6048.54,2025-12-26,2026-02-09,2026-03-26,Late,90,1,45
INV-2026-02133,Lumen Software,SMB,WorkCapital Hub,9499.33,2025-03-30,2025-04-29,2025-04-22,Paid,23,0,0
INV-2026-02134,Keystone Energy,Enterprise,CloudServe Inc,93428.79,2026-01-29,2026-03-30,2026-04-05,Late,66,1,6
INV-2026-02135,Riverstone Hotels,Mid-Market,DataPipe Solutions,11128.53,2025-03-07,2025-04-21,2025-04-19,Paid,43,0,0
INV-2026-02136,Northstar Wholesale,Mid-Market,TradeLedger Finance,14124.37,2025-04-28,2025-06-12,2025-07-01,Late,64,1,19
INV-2026-02137,Delta Manufacturing,Enterprise,FleetManage Co,43365.35,2025-07-27,2025-09-25,2025-09-17,Paid,52,0,0
INV-2026-02138,Yellowstone Mining,Enterprise,NetScale Partners,168965.7,2026-04-17,2026-06-16,,Outstanding,23,0,0
INV-2026-02139,Acme Logistics,SMB,SupplyChain Pro,1860.48,2025-04-10,2025-05-10,,Outstanding,395,1,365
INV-2026-02140,Summit Financial,Enterprise,TradeLedger Finance,79939.23,2025-04-17,2025-06-16,2025-06-16,Paid,60,0,0
INV-2026-02141,Lumen Software,SMB,NetScale Partners,5383.66,2026-02-09,2026-03-11,2026-04-04,Late,54,1,24
INV-2026-02142,Summit Financial,Enterprise,NetScale Partners,90147.23,2025-04-05,2025-06-04,2025-05-25,Paid,50,0,0
INV-2026-02143,Riverstone Hotels,Mid-Market,TradeLedger Finance,19044.8,2026-03-19,2026-05-03,2026-04-24,Paid,36,0,0
INV-2026-02144,Frontier Tech,SMB,GreenLedger Systems,6588.18,2025-10-11,2025-11-10,2025-11-06,Paid,26,0,0
INV-2026-02145,Quantum Analytics,SMB,CloudServe Inc,4771.82,2025-03-20,2025-04-19,2025-04-11,Paid,22,0,0
INV-2026-02146,Evergreen Health,Mid-Market,GreenLedger Systems,27057.66,2025-01-04,2025-02-18,2025-02-16,Paid,43,0,0
INV-2026-02147,Summit Financial,Enterprise,PayFlow Technologies,128722.83,2026-03-24,2026-05-23,,Outstanding,47,0,0
INV-2026-02148,Delta Manufacturing,Enterprise,FleetManage Co,71273.17,2025-05-03,2025-07-02,2025-06-22,Paid,50,0,0
INV-2026-02149,Meridian Pharma,Enterprise,NetScale Partners,143038.14,2026-03-06,2026-05-05,,Outstanding,65,1,5
INV-2026-02150,Keystone Energy,Enterprise,DataPipe Solutions,27488.7,2024-11-16,2025-01-15,2025-01-07,Paid,52,0,0
INV-2026-02151,Brightline Retail,SMB,PayFlow Technologies,2650.98,2025-11-14,2025-12-14,2026-01-23,Late,70,1,40
INV-2026-02152,Evergreen Health,Mid-Market,SupplyChain Pro,22337.2,2025-01-08,2025-02-22,2025-02-17,Paid,40,0,0
INV-2026-02153,Horizon Media,Mid-Market,PayFlow Technologies,13860.57,2025-10-05,2025-11-19,2025-11-15,Paid,41,0,0
INV-2026-02154,Northstar Wholesale,Mid-Market,InsightOps Ltd,27571.76,2026-01-30,2026-03-16,,Outstanding,100,1,55
INV-2026-02155,Yellowstone Mining,Enterprise,WorkCapital Hub,165109.71,2025-03-25,2025-05-24,2025-05-23,Paid,59,0,0
INV-2026-02156,Orion Aerospace,Enterprise,FleetManage Co,126516.21,2026-01-04,2026-03-05,,Outstanding,126,1,66
INV-2026-02157,Terra Farms,SMB,TradeLedger Finance,6557.2,2025-07-08,2025-08-07,2025-08-02,Paid,25,0,0
INV-2026-02158,Westfield Properties,Mid-Market,NetScale Partners,42738.05,2025-02-28,2025-04-14,2025-05-24,Late,85,1,40
INV-2026-02159,Horizon Media,Mid-Market,CloudServe Inc,5531.71,2025-12-26,2026-02-09,2026-02-05,Paid,41,0,0
INV-2026-02160,Horizon Media,Mid-Market,GreenLedger Systems,35414.7,2026-01-04,2026-02-18,,Outstanding,126,1,81
INV-2026-02161,Brightline Retail,SMB,NetScale Partners,9516.95,2025-03-02,2025-04-01,2025-03-23,Paid,21,0,0
INV-2026-02162,Cascade Foods,Mid-Market,InsightOps Ltd,7658.49,2026-03-21,2026-05-05,2026-05-04,Paid,44,0,0
INV-2026-02163,Keystone Energy,Enterprise,TradeLedger Finance,100380.31,2025-07-20,2025-09-18,2025-12-09,Late,142,1,82
INV-2026-02164,Acme Logistics,SMB,CloudServe Inc,2096.81,2025-11-29,2025-12-29,2026-02-05,Late,68,1,38
INV-2026-02165,Summit Financial,Enterprise,TradeLedger Finance,120279.51,2025-10-21,2025-12-20,2025-12-19,Paid,59,0,0
INV-2026-02166,Westfield Properties,Mid-Market,FleetManage Co,37163.25,2025-12-20,2026-02-03,2026-02-01,Paid,43,0,0
INV-2026-02167,Cascade Foods,Mid-Market,InsightOps Ltd,11772.16,2025-07-11,2025-08-25,,Outstanding,303,1,258
INV-2026-02168,Brightline Retail,SMB,NetScale Partners,5318.63,2025-08-26,2025-09-25,2025-09-19,Paid,24,0,0
INV-2026-02169,Pinnacle Insurance,Mid-Market,PayFlow Technologies,6447.99,2025-11-02,2025-12-17,2025-12-07,Paid,35,0,0
INV-2026-02170,Westfield Properties,Mid-Market,GreenLedger Systems,36722.64,2026-02-02,2026-03-19,2026-03-11,Paid,37,0,0
INV-2026-02171,Lumen Software,SMB,WorkCapital Hub,8180.94,2025-10-22,2025-11-21,2025-11-13,Paid,22,0,0
INV-2026-02172,Vertex Biotech,Enterprise,GreenLedger Systems,35079.5,2026-02-28,2026-04-29,2026-04-24,Paid,55,0,0
INV-2026-02173,Cascade Foods,Mid-Market,PayFlow Technologies,14011.4,2025-10-11,2025-11-25,2025-11-16,Paid,36,0,0
INV-2026-02174,Lumen Software,SMB,DataPipe Solutions,2751.71,2024-12-26,2025-01-25,2025-02-12,Late,48,1,18
INV-2026-02175,Xeno Packaging,SMB,FleetManage Co,9055.13,2026-01-24,2026-02-23,2026-04-05,Late,71,1,41
INV-2026-02176,Cascade Foods,Mid-Market,SupplyChain Pro,14750.42,2026-03-06,2026-04-20,2026-04-18,Paid,43,0,0
INV-2026-02177,Delta Manufacturing,Enterprise,InsightOps Ltd,95021.08,2026-05-04,2026-07-03,,Outstanding,6,0,0
INV-2026-02178,Frontier Tech,SMB,DataPipe Solutions,4699.68,2025-08-01,2025-08-31,2025-08-31,Paid,30,0,0
INV-2026-02179,Meridian Pharma,Enterprise,FleetManage Co,75622.8,2025-11-09,2026-01-08,2026-01-01,Paid,53,0,0
INV-2026-02180,Cascade Foods,Mid-Market,WorkCapital Hub,21164.24,2025-04-07,2025-05-22,2025-05-16,Paid,39,0,0
INV-2026-02181,Delta Manufacturing,Enterprise,FleetManage Co,89097.06,2025-03-02,2025-05-01,2025-04-30,Paid,59,0,0
INV-2026-02182,Northstar Wholesale,Mid-Market,CloudServe Inc,10382.35,2025-05-08,2025-06-22,2025-06-14,Paid,37,0,0
INV-2026-02183,Meridian Pharma,Enterprise,DataPipe Solutions,112353.26,2025-04-16,2025-06-15,2025-06-05,Paid,50,0,0
INV-2026-02184,Brightline Retail,SMB,TradeLedger Finance,2448.89,2026-02-19,2026-03-21,2026-03-13,Paid,22,0,0
INV-2026-02185,Summit Financial,Enterprise,GreenLedger Systems,94148.29,2025-11-30,2026-01-29,2026-01-19,Paid,50,0,0
INV-2026-02186,Quantum Analytics,SMB,GreenLedger Systems,2626.77,2025-12-29,2026-01-28,2026-03-08,Late,69,1,39
INV-2026-02187,Pinnacle Insurance,Mid-Market,DataPipe Solutions,10952.91,2026-03-02,2026-04-16,2026-04-15,Paid,44,0,0
INV-2026-02188,Evergreen Health,Mid-Market,InsightOps Ltd,22294.94,2026-04-22,2026-06-06,,Outstanding,18,0,0
INV-2026-02189,Cascade Foods,Mid-Market,CloudServe Inc,17296.0,2026-03-06,2026-04-20,2026-04-17,Paid,42,0,0
INV-2026-02190,Delta Manufacturing,Enterprise,InsightOps Ltd,146206.76,2025-02-18,2025-04-19,2025-04-16,Paid,57,0,0
INV-2026-02191,Juniper Consulting,Mid-Market,FleetManage Co,25410.63,2026-01-07,2026-02-21,2026-02-15,Paid,39,0,0
INV-2026-02192,Ironclad Security,SMB,CloudServe Inc,7228.37,2025-09-30,2025-10-30,2025-10-21,Paid,21,0,0
INV-2026-02193,Northstar Wholesale,Mid-Market,DataPipe Solutions,9033.62,2025-09-07,2025-10-22,2025-11-06,Late,60,1,15
INV-2026-02194,Pinnacle Insurance,Mid-Market,InsightOps Ltd,13116.45,2025-10-04,2025-11-18,2025-11-08,Paid,35,0,0
INV-2026-02195,Delta Manufacturing,Enterprise,WorkCapital Hub,65766.49,2025-12-24,2026-02-22,2026-05-09,Late,136,1,76
INV-2026-02196,Meridian Pharma,Enterprise,FleetManage Co,39972.06,2025-02-13,2025-04-14,2025-04-14,Paid,60,0,0
INV-2026-02197,Cascade Foods,Mid-Market,WorkCapital Hub,11193.12,2025-05-10,2025-06-24,2025-07-14,Late,65,1,20
INV-2026-02198,Union Transport,Mid-Market,SupplyChain Pro,26180.95,2026-03-31,2026-05-15,2026-05-07,Paid,37,0,0
INV-2026-02199,Cascade Foods,Mid-Market,SupplyChain Pro,36760.68,2024-11-28,2025-01-12,2025-01-12,Paid,45,0,0
INV-2026-02200,Ironclad Security,SMB,CloudServe Inc,5130.98,2025-07-01,2025-07-31,2025-08-03,Late,33,1,3
INV-2026-02201,Juniper Consulting,Mid-Market,WorkCapital Hub,26634.27,2026-04-17,2026-06-01,,Outstanding,23,0,0
INV-2026-02202,Yellowstone Mining,Enterprise,PayFlow Technologies,82512.44,2026-02-22,2026-04-23,2026-04-15,Paid,52,0,0
INV-2026-02203,Riverstone Hotels,Mid-Market,NetScale Partners,25727.4,2025-07-29,2025-09-12,,Outstanding,285,1,240
INV-2026-02204,Quantum Analytics,SMB,InsightOps Ltd,9714.25,2025-09-01,2025-10-01,2025-09-28,Paid,27,0,0
INV-2026-02205,Union Transport,Mid-Market,GreenLedger Systems,29716.59,2025-07-11,2025-08-25,,Outstanding,303,1,258
INV-2026-02206,Yellowstone Mining,Enterprise,WorkCapital Hub,55933.45,2025-07-02,2025-08-31,2025-10-30,Late,120,1,60
INV-2026-02207,Xeno Packaging,SMB,PayFlow Technologies,11103.71,2025-06-17,2025-07-17,2025-07-10,Paid,23,0,0
INV-2026-02208,Yellowstone Mining,Enterprise,SupplyChain Pro,37656.24,2026-03-01,2026-04-30,,Outstanding,70,1,10
INV-2026-02209,Ironclad Security,SMB,PayFlow Technologies,9601.27,2025-10-11,2025-11-10,2025-11-24,Late,44,1,14
INV-2026-02210,Vertex Biotech,Enterprise,TradeLedger Finance,163393.51,2025-12-08,2026-02-06,2026-01-29,Paid,52,0,0
INV-2026-02211,Horizon Media,Mid-Market,FleetManage Co,35067.23,2026-04-09,2026-05-24,,Outstanding,31,0,0
INV-2026-02212,Horizon Media,Mid-Market,DataPipe Solutions,10226.76,2026-02-20,2026-04-06,2026-03-31,Paid,39,0,0
INV-2026-02213,Brightline Retail,SMB,InsightOps Ltd,7780.61,2025-03-20,2025-04-19,2025-06-02,Late,74,1,44
INV-2026-02214,Northstar Wholesale,Mid-Market,DataPipe Solutions,11767.56,2026-01-20,2026-03-06,2026-03-02,Paid,41,0,0
INV-2026-02215,Orion Aerospace,Enterprise,NetScale Partners,119251.84,2026-04-15,2026-06-14,,Outstanding,25,0,0
INV-2026-02216,Yellowstone Mining,Enterprise,WorkCapital Hub,146219.63,2026-04-03,2026-06-02,,Outstanding,37,0,0
INV-2026-02217,Juniper Consulting,Mid-Market,DataPipe Solutions,40039.38,2025-10-19,2025-12-03,2025-11-24,Paid,36,0,0
INV-2026-02218,Horizon Media,Mid-Market,InsightOps Ltd,26490.45,2025-11-17,2026-01-01,,Outstanding,174,1,129
INV-2026-02219,Cascade Foods,Mid-Market,DataPipe Solutions,6116.62,2025-02-19,2025-04-05,2025-04-05,Paid,45,0,0
INV-2026-02220,Yellowstone Mining,Enterprise,PayFlow Technologies,85917.75,2025-08-19,2025-10-18,2025-12-08,Late,111,1,51
INV-2026-02221,Delta Manufacturing,Enterprise,GreenLedger Systems,54499.14,2025-01-14,2025-03-15,2025-05-14,Late,120,1,60
INV-2026-02222,Northstar Wholesale,Mid-Market,NetScale Partners,39822.52,2025-03-27,2025-05-11,2025-06-19,Late,84,1,39
INV-2026-02223,Terra Farms,SMB,DataPipe Solutions,1489.67,2025-01-21,2025-02-20,2025-02-15,Paid,25,0,0
INV-2026-02224,Summit Financial,Enterprise,DataPipe Solutions,176877.38,2025-03-04,2025-05-03,2025-04-25,Paid,52,0,0
INV-2026-02225,Cascade Foods,Mid-Market,FleetManage Co,29531.5,2025-10-28,2025-12-12,2025-12-02,Paid,35,0,0
INV-2026-02226,Evergreen Health,Mid-Market,PayFlow Technologies,38925.7,2025-11-19,2026-01-03,2026-01-01,Paid,43,0,0
INV-2026-02227,Terra Farms,SMB,SupplyChain Pro,7696.32,2024-11-25,2024-12-25,2024-12-21,Paid,26,0,0
INV-2026-02228,Juniper Consulting,Mid-Market,PayFlow Technologies,42821.57,2025-11-16,2025-12-31,2025-12-26,Paid,40,0,0
INV-2026-02229,Orion Aerospace,Enterprise,PayFlow Technologies,110743.63,2025-08-16,2025-10-15,2025-10-11,Paid,56,0,0
INV-2026-02230,Lumen Software,SMB,SupplyChain Pro,7752.28,2026-01-08,2026-02-07,2026-01-29,Paid,21,0,0
INV-2026-02231,Cascade Foods,Mid-Market,WorkCapital Hub,21813.18,2025-06-16,2025-07-31,2025-07-25,Paid,39,0,0
INV-2026-02232,Granite Construction,Enterprise,TradeLedger Finance,121378.09,2025-06-20,2025-08-19,2025-08-12,Paid,53,0,0
INV-2026-02233,Ironclad Security,SMB,SupplyChain Pro,5226.75,2025-11-27,2025-12-27,2025-12-20,Paid,23,0,0
INV-2026-02234,Vertex Biotech,Enterprise,FleetManage Co,155633.11,2025-12-27,2026-02-25,2026-02-19,Paid,54,0,0
INV-2026-02235,Juniper Consulting,Mid-Market,SupplyChain Pro,5422.25,2025-04-03,2025-05-18,2025-05-18,Paid,45,0,0
INV-2026-02236,Orion Aerospace,Enterprise,PayFlow Technologies,122401.93,2025-09-23,2025-11-22,2025-11-14,Paid,52,0,0
INV-2026-02237,Granite Construction,Enterprise,PayFlow Technologies,123629.15,2025-04-16,2025-06-15,,Outstanding,389,1,329
INV-2026-02238,Terra Farms,SMB,DataPipe Solutions,7586.46,2025-06-15,2025-07-15,2025-07-08,Paid,23,0,0
INV-2026-02239,Acme Logistics,SMB,InsightOps Ltd,1047.57,2025-09-12,2025-10-12,,Outstanding,240,1,210
INV-2026-02240,Horizon Media,Mid-Market,GreenLedger Systems,8631.34,2024-12-24,2025-02-07,2025-02-03,Paid,41,0,0
INV-2026-02241,Quantum Analytics,SMB,WorkCapital Hub,10188.93,2025-08-21,2025-09-20,2025-09-12,Paid,22,0,0
INV-2026-02242,Acme Logistics,SMB,SupplyChain Pro,10276.96,2026-03-22,2026-04-21,,Outstanding,49,1,19
INV-2026-02243,Quantum Analytics,SMB,GreenLedger Systems,5417.19,2025-01-23,2025-02-22,,Outstanding,472,1,442
INV-2026-02244,Yellowstone Mining,Enterprise,SupplyChain Pro,91226.84,2025-03-20,2025-05-19,2025-05-12,Paid,53,0,0
INV-2026-02245,Xeno Packaging,SMB,NetScale Partners,6467.49,2026-01-25,2026-02-24,2026-04-05,Late,70,1,40
INV-2026-02246,Brightline Retail,SMB,FleetManage Co,9154.82,2025-12-09,2026-01-08,2026-01-08,Paid,30,0,0
INV-2026-02247,Ironclad Security,SMB,GreenLedger Systems,6310.31,2026-03-04,2026-04-03,2026-05-06,Late,63,1,33
INV-2026-02248,Northstar Wholesale,Mid-Market,TradeLedger Finance,41521.12,2025-02-24,2025-04-10,2025-04-02,Paid,37,0,0
INV-2026-02249,Cascade Foods,Mid-Market,GreenLedger Systems,11289.6,2025-02-01,2025-03-18,2025-03-12,Paid,39,0,0
INV-2026-02250,Union Transport,Mid-Market,PayFlow Technologies,19355.19,2025-11-22,2026-01-06,2025-12-28,Paid,36,0,0
INV-2026-02251,Westfield Properties,Mid-Market,CloudServe Inc,11877.58,2025-05-24,2025-07-08,2025-07-03,Paid,40,0,0
INV-2026-02252,Ironclad Security,SMB,CloudServe Inc,6159.24,2025-03-03,2025-04-02,2025-03-30,Paid,27,0,0
INV-2026-02253,Orion Aerospace,Enterprise,TradeLedger Finance,48830.24,2026-05-05,2026-07-04,,Outstanding,5,0,0
INV-2026-02254,Pinnacle Insurance,Mid-Market,GreenLedger Systems,35176.13,2025-08-01,2025-09-15,2025-09-13,Paid,43,0,0
INV-2026-02255,Lumen Software,SMB,CloudServe Inc,8527.11,2025-09-13,2025-10-13,2025-10-13,Paid,30,0,0
INV-2026-02256,Cascade Foods,Mid-Market,PayFlow Technologies,22978.13,2026-04-05,2026-05-20,,Outstanding,35,0,0
INV-2026-02257,Juniper Consulting,Mid-Market,CloudServe Inc,9097.56,2024-11-23,2025-01-07,2025-01-05,Paid,43,0,0
INV-2026-02258,Horizon Media,Mid-Market,InsightOps Ltd,43121.73,2025-09-15,2025-10-30,2025-10-24,Paid,39,0,0
INV-2026-02259,Quantum Analytics,SMB,SupplyChain Pro,6556.01,2026-05-07,2026-06-06,,Outstanding,3,0,0
INV-2026-02260,Horizon Media,Mid-Market,SupplyChain Pro,27142.43,2025-09-29,2025-11-13,2025-11-09,Paid,41,0,0
INV-2026-02261,Keystone Energy,Enterprise,NetScale Partners,163410.49,2025-08-06,2025-10-05,2025-09-28,Paid,53,0,0
INV-2026-02262,Riverstone Hotels,Mid-Market,TradeLedger Finance,36655.27,2025-08-22,2025-10-06,2025-10-20,Late,59,1,14
INV-2026-02263,Xeno Packaging,SMB,FleetManage Co,11708.75,2026-04-21,2026-05-21,,Outstanding,19,0,0
INV-2026-02264,Juniper Consulting,Mid-Market,GreenLedger Systems,42193.69,2025-05-29,2025-07-13,2025-07-11,Paid,43,0,0
INV-2026-02265,Meridian Pharma,Enterprise,TradeLedger Finance,132973.7,2026-02-12,2026-04-13,2026-04-12,Paid,59,0,0
INV-2026-02266,Cascade Foods,Mid-Market,FleetManage Co,22248.21,2025-04-24,2025-06-08,2025-05-30,Paid,36,0,0
INV-2026-02267,Lumen Software,SMB,FleetManage Co,3795.19,2025-05-03,2025-06-02,2025-06-01,Paid,29,0,0
INV-2026-02268,Yellowstone Mining,Enterprise,DataPipe Solutions,179749.88,2026-01-07,2026-03-08,2026-03-02,Paid,54,0,0
INV-2026-02269,Summit Financial,Enterprise,PayFlow Technologies,81239.93,2025-05-14,2025-07-13,2025-07-03,Paid,50,0,0
INV-2026-02270,Granite Construction,Enterprise,GreenLedger Systems,97298.19,2026-01-10,2026-03-11,2026-03-06,Paid,55,0,0
INV-2026-02271,Quantum Analytics,SMB,WorkCapital Hub,10126.04,2026-04-22,2026-05-22,,Outstanding,18,0,0
INV-2026-02272,Xeno Packaging,SMB,InsightOps Ltd,9618.16,2025-10-24,2025-11-23,2025-11-19,Paid,26,0,0
INV-2026-02273,Westfield Properties,Mid-Market,FleetManage Co,19682.54,2025-06-07,2025-07-22,2025-07-12,Paid,35,0,0
INV-2026-02274,Frontier Tech,SMB,SupplyChain Pro,7047.05,2025-12-05,2026-01-04,2026-01-04,Paid,30,0,0
INV-2026-02275,Meridian Pharma,Enterprise,InsightOps Ltd,85611.01,2025-12-15,2026-02-13,2026-02-12,Paid,59,0,0
INV-2026-02276,Summit Financial,Enterprise,GreenLedger Systems,166359.38,2025-09-26,2025-11-25,2025-11-19,Paid,54,0,0
INV-2026-02277,Cascade Foods,Mid-Market,FleetManage Co,33925.98,2025-09-10,2025-10-25,2025-10-18,Paid,38,0,0
INV-2026-02278,Acme Logistics,SMB,NetScale Partners,4199.16,2026-01-15,2026-02-14,2026-02-08,Paid,24,0,0
INV-2026-02279,Union Transport,Mid-Market,WorkCapital Hub,25703.31,2025-01-23,2025-03-09,2025-04-04,Late,71,1,26
INV-2026-02280,Cascade Foods,Mid-Market,FleetManage Co,35151.46,2025-06-11,2025-07-26,2025-07-17,Paid,36,0,0
INV-2026-02281,Orion Aerospace,Enterprise,CloudServe Inc,125085.46,2025-06-01,2025-07-31,2025-07-31,Paid,60,0,0
INV-2026-02282,Riverstone Hotels,Mid-Market,NetScale Partners,23459.66,2025-12-27,2026-02-10,2026-03-14,Late,77,1,32
INV-2026-02283,Ironclad Security,SMB,PayFlow Technologies,6398.6,2025-12-05,2026-01-04,2026-01-23,Late,49,1,19
INV-2026-02284,Juniper Consulting,Mid-Market,SupplyChain Pro,5318.23,2026-02-20,2026-04-06,,Outstanding,79,1,34
INV-2026-02285,Ironclad Security,SMB,PayFlow Technologies,6339.77,2025-08-11,2025-09-10,2025-09-10,Paid,30,0,0
INV-2026-02286,Northstar Wholesale,Mid-Market,NetScale Partners,36738.28,2024-12-02,2025-01-16,2025-01-11,Paid,40,0,0
INV-2026-02287,Yellowstone Mining,Enterprise,GreenLedger Systems,165476.38,2025-01-04,2025-03-05,2025-02-24,Paid,51,0,0
INV-2026-02288,Granite Construction,Enterprise,InsightOps Ltd,84600.95,2026-01-05,2026-03-06,2026-02-26,Paid,52,0,0
INV-2026-02289,Meridian Pharma,Enterprise,NetScale Partners,87499.53,2025-08-10,2025-10-09,,Outstanding,273,1,213
INV-2026-02290,Vertex Biotech,Enterprise,FleetManage Co,67349.36,2025-09-03,2025-11-02,2025-10-23,Paid,50,0,0
INV-2026-02291,Keystone Energy,Enterprise,GreenLedger Systems,170744.35,2025-05-21,2025-07-20,2025-07-16,Paid,56,0,0
INV-2026-02292,Westfield Properties,Mid-Market,InsightOps Ltd,33884.62,2025-03-22,2025-05-06,2025-05-05,Paid,44,0,0
INV-2026-02293,Yellowstone Mining,Enterprise,CloudServe Inc,103466.14,2024-12-08,2025-02-06,2025-01-29,Paid,52,0,0
INV-2026-02294,Terra Farms,SMB,FleetManage Co,11034.2,2025-09-19,2025-10-19,2025-10-15,Paid,26,0,0
INV-2026-02295,Lumen Software,SMB,InsightOps Ltd,9539.57,2026-03-26,2026-04-25,2026-04-15,Paid,20,0,0
INV-2026-02296,Summit Financial,Enterprise,TradeLedger Finance,121764.92,2026-04-28,2026-06-27,,Outstanding,12,0,0
INV-2026-02297,Cascade Foods,Mid-Market,FleetManage Co,35188.7,2025-10-29,2025-12-13,2025-12-07,Paid,39,0,0
INV-2026-02298,Union Transport,Mid-Market,TradeLedger Finance,27284.42,2025-02-11,2025-03-28,2025-03-20,Paid,37,0,0
INV-2026-02299,Northstar Wholesale,Mid-Market,InsightOps Ltd,8236.64,2025-12-12,2026-01-26,2026-01-24,Paid,43,0,0
INV-2026-02300,Orion Aerospace,Enterprise,TradeLedger Finance,75666.04,2025-05-07,2025-07-06,2025-07-06,Paid,60,0,0
INV-2026-02301,Horizon Media,Mid-Market,SupplyChain Pro,33821.14,2024-12-17,2025-01-31,2025-01-23,Paid,37,0,0
INV-2026-02302,Northstar Wholesale,Mid-Market,WorkCapital Hub,42452.79,2025-02-26,2025-04-12,2025-04-08,Paid,41,0,0
INV-2026-02303,Yellowstone Mining,Enterprise,TradeLedger Finance,161749.11,2026-03-03,2026-05-02,,Outstanding,68,1,8
INV-2026-02304,Summit Financial,Enterprise,WorkCapital Hub,59572.08,2025-01-29,2025-03-30,2025-03-30,Paid,60,0,0
INV-2026-02305,Cascade Foods,Mid-Market,TradeLedger Finance,17842.51,2026-03-30,2026-05-14,2026-05-06,Paid,37,0,0
INV-2026-02306,Summit Financial,Enterprise,CloudServe Inc,74262.2,2026-04-29,2026-06-28,,Outstanding,11,0,0
INV-2026-02307,Keystone Energy,Enterprise,TradeLedger Finance,75486.51,2025-10-11,2025-12-10,2025-12-10,Paid,60,0,0
INV-2026-02308,Xeno Packaging,SMB,NetScale Partners,3059.07,2025-10-07,2025-11-06,2025-10-29,Paid,22,0,0
INV-2026-02309,Xeno Packaging,SMB,NetScale Partners,909.01,2025-11-02,2025-12-02,,Outstanding,189,1,159
INV-2026-02310,Frontier Tech,SMB,NetScale Partners,3452.74,2024-12-22,2025-01-21,2025-01-18,Paid,27,0,0
INV-2026-02311,Cascade Foods,Mid-Market,SupplyChain Pro,22984.1,2025-06-25,2025-08-09,2025-08-09,Paid,45,0,0
INV-2026-02312,Northstar Wholesale,Mid-Market,TradeLedger Finance,43001.57,2024-11-24,2025-01-08,,Outstanding,532,1,487
INV-2026-02313,Lumen Software,SMB,SupplyChain Pro,6856.08,2025-11-24,2025-12-24,2026-01-12,Late,49,1,19
INV-2026-02314,Brightline Retail,SMB,FleetManage Co,10122.08,2025-06-21,2025-07-21,2025-07-18,Paid,27,0,0
INV-2026-02315,Northstar Wholesale,Mid-Market,WorkCapital Hub,40297.0,2025-11-17,2026-01-01,2026-01-01,Paid,45,0,0
INV-2026-02316,Riverstone Hotels,Mid-Market,DataPipe Solutions,30461.94,2026-02-17,2026-04-03,2026-03-31,Paid,42,0,0
INV-2026-02317,Evergreen Health,Mid-Market,GreenLedger Systems,26291.61,2025-11-28,2026-01-12,2026-01-10,Paid,43,0,0
INV-2026-02318,Cascade Foods,Mid-Market,FleetManage Co,40337.02,2025-07-21,2025-09-04,2025-08-28,Paid,38,0,0
INV-2026-02319,Vertex Biotech,Enterprise,WorkCapital Hub,81550.69,2025-07-03,2025-09-01,2025-08-27,Paid,55,0,0
INV-2026-02320,Summit Financial,Enterprise,FleetManage Co,68114.59,2025-11-05,2026-01-04,2026-01-02,Paid,58,0,0
INV-2026-02321,Frontier Tech,SMB,TradeLedger Finance,4960.79,2026-05-03,2026-06-02,,Outstanding,7,0,0
INV-2026-02322,Frontier Tech,SMB,DataPipe Solutions,8863.82,2025-07-13,2025-08-12,2025-08-02,Paid,20,0,0
INV-2026-02323,Orion Aerospace,Enterprise,DataPipe Solutions,77133.42,2026-04-03,2026-06-02,,Outstanding,37,0,0
INV-2026-02324,Horizon Media,Mid-Market,CloudServe Inc,14309.32,2025-02-20,2025-04-06,2025-05-18,Late,87,1,42
INV-2026-02325,Vertex Biotech,Enterprise,InsightOps Ltd,91525.51,2024-12-20,2025-02-18,2025-02-18,Paid,60,0,0
INV-2026-02326,Cascade Foods,Mid-Market,GreenLedger Systems,22301.52,2025-10-06,2025-11-20,2025-11-20,Paid,45,0,0
INV-2026-02327,Pinnacle Insurance,Mid-Market,SupplyChain Pro,44093.87,2024-11-22,2025-01-06,2025-01-12,Late,51,1,6
INV-2026-02328,Orion Aerospace,Enterprise,WorkCapital Hub,169593.17,2025-09-21,2025-11-20,2026-01-06,Late,107,1,47
INV-2026-02329,Cascade Foods,Mid-Market,NetScale Partners,11359.03,2025-01-23,2025-03-09,2025-03-03,Paid,39,0,0
INV-2026-02330,Keystone Energy,Enterprise,WorkCapital Hub,160662.88,2025-04-04,2025-06-03,2025-05-31,Paid,57,0,0
INV-2026-02331,Vertex Biotech,Enterprise,InsightOps Ltd,168462.99,2025-10-27,2025-12-26,2025-12-21,Paid,55,0,0
INV-2026-02332,Union Transport,Mid-Market,InsightOps Ltd,41212.08,2025-04-18,2025-06-02,2025-05-31,Paid,43,0,0
INV-2026-02333,Summit Financial,Enterprise,InsightOps Ltd,32531.43,2025-12-03,2026-02-01,2026-01-26,Paid,54,0,0
INV-2026-02334,Yellowstone Mining,Enterprise,TradeLedger Finance,130486.21,2025-05-15,2025-07-14,2025-07-10,Paid,56,0,0
INV-2026-02335,Quantum Analytics,SMB,SupplyChain Pro,8160.26,2025-12-19,2026-01-18,2026-01-12,Paid,24,0,0
INV-2026-02336,Granite Construction,Enterprise,TradeLedger Finance,164199.34,2025-01-22,2025-03-23,2025-03-15,Paid,52,0,0
INV-2026-02337,Terra Farms,SMB,CloudServe Inc,5041.39,2025-05-03,2025-06-02,2025-05-24,Paid,21,0,0
INV-2026-02338,Acme Logistics,SMB,SupplyChain Pro,1740.86,2025-01-05,2025-02-04,2025-01-27,Paid,22,0,0
INV-2026-02339,Quantum Analytics,SMB,WorkCapital Hub,11132.42,2025-06-27,2025-07-27,2025-07-19,Paid,22,0,0
INV-2026-02340,Yellowstone Mining,Enterprise,PayFlow Technologies,41840.08,2025-03-12,2025-05-11,2025-05-03,Paid,52,0,0
INV-2026-02341,Xeno Packaging,SMB,SupplyChain Pro,9818.13,2025-05-18,2025-06-17,2025-07-31,Late,74,1,44
INV-2026-02342,Union Transport,Mid-Market,PayFlow Technologies,19866.5,2025-02-03,2025-03-20,2025-05-17,Late,103,1,58
INV-2026-02343,Cascade Foods,Mid-Market,PayFlow Technologies,29578.48,2025-01-22,2025-03-08,2025-03-04,Paid,41,0,0
INV-2026-02344,Frontier Tech,SMB,NetScale Partners,9692.07,2025-10-17,2025-11-16,2025-12-10,Late,54,1,24
INV-2026-02345,Keystone Energy,Enterprise,GreenLedger Systems,65861.28,2025-12-25,2026-02-23,2026-02-16,Paid,53,0,0
INV-2026-02346,Vertex Biotech,Enterprise,PayFlow Technologies,126852.33,2025-11-10,2026-01-09,2026-01-09,Paid,60,0,0
INV-2026-02347,Meridian Pharma,Enterprise,CloudServe Inc,71649.6,2025-01-25,2025-03-26,2025-03-26,Paid,60,0,0
INV-2026-02348,Meridian Pharma,Enterprise,TradeLedger Finance,87440.08,2025-01-31,2025-04-01,2025-03-27,Paid,55,0,0
INV-2026-02349,Vertex Biotech,Enterprise,FleetManage Co,146996.68,2024-12-11,2025-02-09,2025-02-06,Paid,57,0,0
INV-2026-02350,Frontier Tech,SMB,CloudServe Inc,2687.09,2025-08-13,2025-09-12,2025-09-10,Paid,28,0,0
INV-2026-02351,Yellowstone Mining,Enterprise,PayFlow Technologies,161970.36,2026-01-03,2026-03-04,2026-02-26,Paid,54,0,0
INV-2026-02352,Granite Construction,Enterprise,WorkCapital Hub,98295.88,2026-05-09,2026-07-08,,Outstanding,1,0,0
INV-2026-02353,Acme Logistics,SMB,PayFlow Technologies,9457.44,2025-02-16,2025-03-18,,Outstanding,448,1,418
INV-2026-02354,Pinnacle Insurance,Mid-Market,PayFlow Technologies,30331.47,2026-04-16,2026-05-31,,Outstanding,24,0,0
INV-2026-02355,Juniper Consulting,Mid-Market,DataPipe Solutions,29776.66,2024-12-08,2025-01-22,2025-01-18,Paid,41,0,0
INV-2026-02356,Northstar Wholesale,Mid-Market,CloudServe Inc,13717.08,2025-10-20,2025-12-04,2025-12-22,Late,63,1,18
INV-2026-02357,Summit Financial,Enterprise,WorkCapital Hub,166502.09,2025-09-26,2025-11-25,2025-11-21,Paid,56,0,0
INV-2026-02358,Orion Aerospace,Enterprise,TradeLedger Finance,147710.97,2026-04-14,2026-06-13,,Outstanding,26,0,0
INV-2026-02359,Delta Manufacturing,Enterprise,FleetManage Co,102890.03,2024-12-21,2025-02-19,,Outstanding,505,1,445
INV-2026-02360,Cascade Foods,Mid-Market,NetScale Partners,7140.45,2025-07-07,2025-08-21,2025-08-11,Paid,35,0,0
INV-2026-02361,Pinnacle Insurance,Mid-Market,NetScale Partners,38581.05,2025-11-22,2026-01-06,2026-01-03,Paid,42,0,0
INV-2026-02362,Meridian Pharma,Enterprise,DataPipe Solutions,138043.7,2026-04-02,2026-06-01,,Outstanding,38,0,0
INV-2026-02363,Brightline Retail,SMB,DataPipe Solutions,3499.74,2024-12-29,2025-01-28,2025-01-28,Paid,30,0,0
INV-2026-02364,Frontier Tech,SMB,GreenLedger Systems,1961.18,2025-06-04,2025-07-04,2025-07-01,Paid,27,0,0
INV-2026-02365,Ironclad Security,SMB,DataPipe Solutions,9631.65,2025-05-06,2025-06-05,2025-05-31,Paid,25,0,0
INV-2026-02366,Horizon Media,Mid-Market,FleetManage Co,42065.11,2025-05-03,2025-06-17,2025-06-14,Paid,42,0,0
INV-2026-02367,Westfield Properties,Mid-Market,NetScale Partners,12934.72,2025-04-04,2025-05-19,2025-05-10,Paid,36,0,0
INV-2026-02368,Summit Financial,Enterprise,FleetManage Co,168583.11,2025-12-10,2026-02-08,2026-02-06,Paid,58,0,0
INV-2026-02369,Granite Construction,Enterprise,GreenLedger Systems,176295.89,2025-08-29,2025-10-28,,Outstanding,254,1,194
INV-2026-02370,Ironclad Security,SMB,GreenLedger Systems,9955.15,2025-10-24,2025-11-23,,Outstanding,198,1,168
INV-2026-02371,Ironclad Security,SMB,NetScale Partners,5355.48,2025-05-29,2025-06-28,2025-06-27,Paid,29,0,0
INV-2026-02372,Brightline Retail,SMB,NetScale Partners,11845.17,2026-04-30,2026-05-30,,Outstanding,10,0,0
INV-2026-02373,Delta Manufacturing,Enterprise,TradeLedger Finance,57920.58,2025-12-05,2026-02-03,,Outstanding,156,1,96
INV-2026-02374,Union Transport,Mid-Market,DataPipe Solutions,30807.24,2025-11-22,2026-01-06,2026-01-04,Paid,43,0,0
INV-2026-02375,Horizon Media,Mid-Market,FleetManage Co,33808.7,2025-07-07,2025-08-21,2025-08-20,Paid,44,0,0
INV-2026-02376,Delta Manufacturing,Enterprise,GreenLedger Systems,154665.44,2025-03-14,2025-05-13,2025-05-13,Paid,60,0,0
INV-2026-02377,Orion Aerospace,Enterprise,TradeLedger Finance,119804.88,2025-11-12,2026-01-11,2026-01-21,Late,70,1,10
INV-2026-02378,Yellowstone Mining,Enterprise,PayFlow Technologies,63987.02,2026-05-09,2026-07-08,,Outstanding,1,0,0
INV-2026-02379,Terra Farms,SMB,NetScale Partners,6206.1,2025-02-26,2025-03-28,,Outstanding,438,1,408
INV-2026-02380,Xeno Packaging,SMB,NetScale Partners,3229.88,2026-02-05,2026-03-07,2026-03-25,Late,48,1,18
INV-2026-02381,Horizon Media,Mid-Market,NetScale Partners,33815.98,2025-05-02,2025-06-16,2025-06-06,Paid,35,0,0
INV-2026-02382,Vertex Biotech,Enterprise,NetScale Partners,86067.96,2026-01-15,2026-03-16,2026-03-15,Paid,59,0,0
INV-2026-02383,Cascade Foods,Mid-Market,FleetManage Co,34042.37,2025-07-19,2025-09-02,2025-09-02,Paid,45,0,0
INV-2026-02384,Riverstone Hotels,Mid-Market,DataPipe Solutions,23471.55,2025-03-26,2025-05-10,2025-05-01,Paid,36,0,0
INV-2026-02385,Quantum Analytics,SMB,NetScale Partners,3031.21,2025-08-19,2025-09-18,,Outstanding,264,1,234
INV-2026-02386,Union Transport,Mid-Market,PayFlow Technologies,26213.2,2025-05-14,2025-06-28,2025-08-23,Late,101,1,56
INV-2026-02387,Horizon Media,Mid-Market,PayFlow Technologies,31363.52,2026-03-26,2026-05-10,,Outstanding,45,0,0
INV-2026-02388,Northstar Wholesale,Mid-Market,FleetManage Co,18346.62,2026-04-23,2026-06-07,,Outstanding,17,0,0
INV-2026-02389,Summit Financial,Enterprise,SupplyChain Pro,139964.66,2026-03-05,2026-05-04,,Outstanding,66,1,6
INV-2026-02390,Xeno Packaging,SMB,DataPipe Solutions,3238.24,2024-12-10,2025-01-09,2025-01-04,Paid,25,0,0
INV-2026-02391,Quantum Analytics,SMB,InsightOps Ltd,6455.91,2025-04-11,2025-05-11,2025-05-04,Paid,23,0,0
INV-2026-02392,Pinnacle Insurance,Mid-Market,InsightOps Ltd,42541.38,2025-08-16,2025-09-30,2025-09-24,Paid,39,0,0
INV-2026-02393,Keystone Energy,Enterprise,NetScale Partners,81485.18,2025-10-10,2025-12-09,2025-12-01,Paid,52,0,0
INV-2026-02394,Union Transport,Mid-Market,TradeLedger Finance,6315.25,2024-12-18,2025-02-01,2025-02-19,Late,63,1,18
INV-2026-02395,Northstar Wholesale,Mid-Market,WorkCapital Hub,13182.23,2025-01-27,2025-03-13,2025-04-18,Late,81,1,36
INV-2026-02396,Meridian Pharma,Enterprise,CloudServe Inc,67980.63,2025-12-16,2026-02-14,2026-02-06,Paid,52,0,0
INV-2026-02397,Horizon Media,Mid-Market,TradeLedger Finance,35654.43,2026-01-16,2026-03-02,2026-03-01,Paid,44,0,0
INV-2026-02398,Acme Logistics,SMB,CloudServe Inc,7265.76,2026-02-12,2026-03-14,2026-04-08,Late,55,1,25
INV-2026-02399,Keystone Energy,Enterprise,TradeLedger Finance,111484.87,2026-02-25,2026-04-26,2026-04-22,Paid,56,0,0
INV-2026-02400,Yellowstone Mining,Enterprise,TradeLedger Finance,125711.77,2026-02-14,2026-04-15,2026-05-01,Late,76,1,16
INV-2026-02401,Yellowstone Mining,Enterprise,PayFlow Technologies,129914.58,2025-10-06,2025-12-05,2026-02-04,Late,121,1,61
INV-2026-02402,Ironclad Security,SMB,WorkCapital Hub,863.26,2025-12-16,2026-01-15,2026-02-20,Late,66,1,36
INV-2026-02403,Meridian Pharma,Enterprise,SupplyChain Pro,26876.94,2025-04-09,2025-06-08,2025-06-03,Paid,55,0,0
INV-2026-02404,Cascade Foods,Mid-Market,GreenLedger Systems,19218.43,2026-04-08,2026-05-23,,Outstanding,32,0,0
INV-2026-02405,Juniper Consulting,Mid-Market,InsightOps Ltd,35617.88,2026-03-21,2026-05-05,2026-04-29,Paid,39,0,0
INV-2026-02406,Brightline Retail,SMB,TradeLedger Finance,7129.73,2026-03-13,2026-04-12,2026-05-01,Late,49,1,19
INV-2026-02407,Orion Aerospace,Enterprise,CloudServe Inc,75846.12,2025-06-18,2025-08-17,2025-09-21,Late,95,1,35
INV-2026-02408,Keystone Energy,Enterprise,CloudServe Inc,120447.73,2025-06-27,2025-08-26,,Outstanding,317,1,257
INV-2026-02409,Evergreen Health,Mid-Market,CloudServe Inc,14873.39,2026-01-09,2026-02-23,2026-02-15,Paid,37,0,0
INV-2026-02410,Summit Financial,Enterprise,DataPipe Solutions,157438.95,2026-03-10,2026-05-09,2026-05-06,Paid,57,0,0
INV-2026-02411,Frontier Tech,SMB,WorkCapital Hub,3463.6,2026-01-10,2026-02-09,2026-02-01,Paid,22,0,0
INV-2026-02412,Delta Manufacturing,Enterprise,DataPipe Solutions,93161.26,2025-09-23,2025-11-22,,Outstanding,229,1,169
INV-2026-02413,Meridian Pharma,Enterprise,NetScale Partners,110634.22,2025-09-04,2025-11-03,2025-11-03,Paid,60,0,0
INV-2026-02414,Frontier Tech,SMB,SupplyChain Pro,11139.16,2025-06-29,2025-07-29,2025-08-28,Late,60,1,30
INV-2026-02415,Granite Construction,Enterprise,PayFlow Technologies,38162.07,2024-11-21,2025-01-20,2025-01-14,Paid,54,0,0
INV-2026-02416,Acme Logistics,SMB,GreenLedger Systems,10335.33,2025-09-15,2025-10-15,2025-10-10,Paid,25,0,0
INV-2026-02417,Quantum Analytics,SMB,GreenLedger Systems,2043.78,2025-06-28,2025-07-28,,Outstanding,316,1,286
INV-2026-02418,Pinnacle Insurance,Mid-Market,SupplyChain Pro,8627.82,2025-10-10,2025-11-24,2025-11-23,Paid,44,0,0
INV-2026-02419,Quantum Analytics,SMB,InsightOps Ltd,5505.98,2025-12-06,2026-01-05,2026-01-02,Paid,27,0,0
INV-2026-02420,Keystone Energy,Enterprise,DataPipe Solutions,29783.45,2025-01-28,2025-03-29,2025-03-25,Paid,56,0,0
INV-2026-02421,Granite Construction,Enterprise,CloudServe Inc,98302.78,2025-06-26,2025-08-25,2025-08-23,Paid,58,0,0
INV-2026-02422,Frontier Tech,SMB,PayFlow Technologies,6063.36,2024-11-28,2024-12-28,2024-12-19,Paid,21,0,0
INV-2026-02423,Keystone Energy,Enterprise,NetScale Partners,153717.73,2025-07-12,2025-09-10,2025-09-03,Paid,53,0,0
INV-2026-02424,Acme Logistics,SMB,DataPipe Solutions,9531.6,2024-12-30,2025-01-29,2025-01-24,Paid,25,0,0
INV-2026-02425,Westfield Properties,Mid-Market,InsightOps Ltd,36867.11,2025-01-04,2025-02-18,2025-04-01,Late,87,1,42
INV-2026-02426,Meridian Pharma,Enterprise,CloudServe Inc,142556.35,2025-05-22,2025-07-21,2025-07-19,Paid,58,0,0
INV-2026-02427,Ironclad Security,SMB,SupplyChain Pro,2704.98,2026-04-10,2026-05-10,,Outstanding,30,0,0
INV-2026-02428,Lumen Software,SMB,TradeLedger Finance,3431.56,2026-03-04,2026-04-03,,Outstanding,67,1,37
INV-2026-02429,Brightline Retail,SMB,SupplyChain Pro,8972.02,2025-09-03,2025-10-03,2025-10-03,Paid,30,0,0
INV-2026-02430,Terra Farms,SMB,TradeLedger Finance,8771.41,2025-06-21,2025-07-21,2025-07-21,Paid,30,0,0
INV-2026-02431,Cascade Foods,Mid-Market,FleetManage Co,27638.96,2025-07-02,2025-08-16,2025-08-14,Paid,43,0,0
INV-2026-02432,Acme Logistics,SMB,GreenLedger Systems,10447.9,2025-12-11,2026-01-10,2026-01-01,Paid,21,0,0
INV-2026-02433,Westfield Properties,Mid-Market,CloudServe Inc,12261.3,2025-11-05,2025-12-20,2025-12-20,Paid,45,0,0
INV-2026-02434,Vertex Biotech,Enterprise,TradeLedger Finance,72080.98,2025-02-07,2025-04-08,2025-04-04,Paid,56,0,0
INV-2026-02435,Cascade Foods,Mid-Market,InsightOps Ltd,11862.91,2025-04-28,2025-06-12,2025-06-09,Paid,42,0,0
INV-2026-02436,Ironclad Security,SMB,InsightOps Ltd,4211.01,2025-07-12,2025-08-11,2025-08-10,Paid,29,0,0
INV-2026-02437,Yellowstone Mining,Enterprise,TradeLedger Finance,158971.08,2026-03-13,2026-05-12,,Outstanding,58,0,0
INV-2026-02438,Cascade Foods,Mid-Market,FleetManage Co,31794.63,2026-03-17,2026-05-01,2026-04-25,Paid,39,0,0
INV-2026-02439,Quantum Analytics,SMB,DataPipe Solutions,7383.39,2025-07-25,2025-08-24,2025-08-21,Paid,27,0,0
INV-2026-02440,Yellowstone Mining,Enterprise,TradeLedger Finance,85707.06,2024-11-20,2025-01-19,2025-01-12,Paid,53,0,0
INV-2026-02441,Cascade Foods,Mid-Market,GreenLedger Systems,28298.96,2025-01-09,2025-02-23,2025-04-09,Late,90,1,45
INV-2026-02442,Granite Construction,Enterprise,TradeLedger Finance,112466.36,2026-02-17,2026-04-18,2026-04-09,Paid,51,0,0
INV-2026-02443,Juniper Consulting,Mid-Market,PayFlow Technologies,44044.54,2026-03-25,2026-05-09,2026-04-30,Paid,36,0,0
INV-2026-02444,Meridian Pharma,Enterprise,PayFlow Technologies,150887.39,2025-03-05,2025-05-04,,Outstanding,431,1,371
INV-2026-02445,Yellowstone Mining,Enterprise,NetScale Partners,162664.2,2025-07-18,2025-09-16,2025-09-07,Paid,51,0,0
INV-2026-02446,Lumen Software,SMB,GreenLedger Systems,8814.59,2025-10-19,2025-11-18,2025-12-24,Late,66,1,36
INV-2026-02447,Northstar Wholesale,Mid-Market,DataPipe Solutions,35413.24,2025-09-07,2025-10-22,2025-10-21,Paid,44,0,0
INV-2026-02448,Juniper Consulting,Mid-Market,FleetManage Co,26120.61,2026-01-05,2026-02-19,2026-02-17,Paid,43,0,0
INV-2026-02449,Quantum Analytics,SMB,TradeLedger Finance,11521.46,2026-01-19,2026-02-18,2026-02-15,Paid,27,0,0
INV-2026-02450,Acme Logistics,SMB,InsightOps Ltd,5172.52,2025-03-14,2025-04-13,2025-05-14,Late,61,1,31
INV-2026-02451,Cascade Foods,Mid-Market,FleetManage Co,14518.86,2025-11-02,2025-12-17,2025-12-16,Paid,44,0,0
INV-2026-02452,Terra Farms,SMB,WorkCapital Hub,6739.72,2025-10-12,2025-11-11,,Outstanding,210,1,180
INV-2026-02453,Summit Financial,Enterprise,DataPipe Solutions,89857.74,2026-03-29,2026-05-28,,Outstanding,42,0,0
INV-2026-02454,Granite Construction,Enterprise,DataPipe Solutions,112801.75,2026-01-21,2026-03-22,,Outstanding,109,1,49
INV-2026-02455,Brightline Retail,SMB,PayFlow Technologies,6408.47,2025-11-26,2025-12-26,2025-12-16,Paid,20,0,0
INV-2026-02456,Brightline Retail,SMB,PayFlow Technologies,5417.4,2025-11-26,2025-12-26,2025-12-18,Paid,22,0,0
INV-2026-02457,Brightline Retail,SMB,GreenLedger Systems,1992.23,2025-03-16,2025-04-15,2025-04-09,Paid,24,0,0
INV-2026-02458,Horizon Media,Mid-Market,NetScale Partners,44235.84,2025-08-07,2025-09-21,2025-09-21,Paid,45,0,0
INV-2026-02459,Orion Aerospace,Enterprise,SupplyChain Pro,79831.53,2026-01-18,2026-03-19,,Outstanding,112,1,52
INV-2026-02460,Cascade Foods,Mid-Market,FleetManage Co,19663.97,2026-03-12,2026-04-26,2026-04-18,Paid,37,0,0
INV-2026-02461,Evergreen Health,Mid-Market,SupplyChain Pro,31713.63,2024-12-15,2025-01-29,2025-01-26,Paid,42,0,0
INV-2026-02462,Juniper Consulting,Mid-Market,DataPipe Solutions,40731.89,2025-08-04,2025-09-18,2025-11-12,Late,100,1,55
INV-2026-02463,Orion Aerospace,Enterprise,GreenLedger Systems,149358.7,2025-03-07,2025-05-06,2025-04-28,Paid,52,0,0
INV-2026-02464,Yellowstone Mining,Enterprise,FleetManage Co,152010.9,2025-09-17,2025-11-16,2025-12-28,Late,102,1,42
INV-2026-02465,Brightline Retail,SMB,TradeLedger Finance,4191.04,2025-04-20,2025-05-20,2025-05-13,Paid,23,0,0
INV-2026-02466,Xeno Packaging,SMB,TradeLedger Finance,7406.24,2025-01-18,2025-02-17,2025-02-08,Paid,21,0,0
INV-2026-02467,Pinnacle Insurance,Mid-Market,NetScale Partners,31719.42,2025-11-08,2025-12-23,2025-12-21,Paid,43,0,0
INV-2026-02468,Horizon Media,Mid-Market,GreenLedger Systems,14567.78,2025-11-23,2026-01-07,2026-01-05,Paid,43,0,0
INV-2026-02469,Granite Construction,Enterprise,InsightOps Ltd,144893.98,2025-07-03,2025-09-01,,Outstanding,311,1,251
INV-2026-02470,Pinnacle Insurance,Mid-Market,NetScale Partners,30873.68,2025-08-13,2025-09-27,2025-09-21,Paid,39,0,0
INV-2026-02471,Ironclad Security,SMB,PayFlow Technologies,9145.31,2025-05-05,2025-06-04,2025-05-29,Paid,24,0,0
INV-2026-02472,Summit Financial,Enterprise,FleetManage Co,103457.75,2026-03-08,2026-05-07,,Outstanding,63,1,3
INV-2026-02473,Westfield Properties,Mid-Market,TradeLedger Finance,34307.57,2025-10-13,2025-11-27,2025-11-24,Paid,42,0,0
INV-2026-02474,Union Transport,Mid-Market,FleetManage Co,16772.44,2024-12-17,2025-01-31,2025-04-03,Late,107,1,62
INV-2026-02475,Summit Financial,Enterprise,InsightOps Ltd,49863.85,2025-02-06,2025-04-07,,Outstanding,458,1,398
INV-2026-02476,Riverstone Hotels,Mid-Market,FleetManage Co,11787.86,2025-03-03,2025-04-17,2025-04-09,Paid,37,0,0
INV-2026-02477,Meridian Pharma,Enterprise,WorkCapital Hub,27929.72,2025-09-17,2025-11-16,2025-12-10,Late,84,1,24
INV-2026-02478,Acme Logistics,SMB,DataPipe Solutions,9209.67,2025-02-02,2025-03-04,,Outstanding,462,1,432
INV-2026-02479,Evergreen Health,Mid-Market,TradeLedger Finance,40279.61,2025-11-17,2026-01-01,2025-12-29,Paid,42,0,0
INV-2026-02480,Meridian Pharma,Enterprise,FleetManage Co,44184.07,2026-04-27,2026-06-26,,Outstanding,13,0,0
INV-2026-02481,Summit Financial,Enterprise,NetScale Partners,137189.82,2025-02-08,2025-04-09,2025-03-30,Paid,50,0,0
INV-2026-02482,Brightline Retail,SMB,PayFlow Technologies,2024.79,2026-03-17,2026-04-16,,Outstanding,54,1,24
INV-2026-02483,Brightline Retail,SMB,FleetManage Co,3049.53,2025-02-09,2025-03-11,2025-04-24,Late,74,1,44
INV-2026-02484,Frontier Tech,SMB,GreenLedger Systems,10157.37,2025-10-23,2025-11-22,2025-11-19,Paid,27,0,0
INV-2026-02485,Orion Aerospace,Enterprise,InsightOps Ltd,139152.96,2026-01-15,2026-03-16,2026-03-15,Paid,59,0,0
INV-2026-02486,Summit Financial,Enterprise,InsightOps Ltd,39758.09,2025-04-20,2025-06-19,2025-06-09,Paid,50,0,0
INV-2026-02487,Ironclad Security,SMB,FleetManage Co,3884.22,2024-12-27,2025-01-26,2025-01-26,Paid,30,0,0
INV-2026-02488,Keystone Energy,Enterprise,CloudServe Inc,25606.81,2026-02-14,2026-04-15,2026-04-15,Paid,60,0,0
INV-2026-02489,Granite Construction,Enterprise,WorkCapital Hub,164443.55,2025-10-16,2025-12-15,2025-12-22,Late,67,1,7
INV-2026-02490,Terra Farms,SMB,InsightOps Ltd,6593.11,2025-09-07,2025-10-07,2025-09-27,Paid,20,0,0
INV-2026-02491,Granite Construction,Enterprise,SupplyChain Pro,50076.46,2025-07-23,2025-09-21,2025-09-12,Paid,51,0,0
INV-2026-02492,Cascade Foods,Mid-Market,FleetManage Co,5211.84,2025-01-06,2025-02-20,2025-02-18,Paid,43,0,0
INV-2026-02493,Westfield Properties,Mid-Market,TradeLedger Finance,31766.73,2026-02-12,2026-03-29,2026-03-21,Paid,37,0,0
INV-2026-02494,Summit Financial,Enterprise,CloudServe Inc,71071.13,2026-01-26,2026-03-27,2026-03-22,Paid,55,0,0
INV-2026-02495,Union Transport,Mid-Market,CloudServe Inc,34554.84,2026-04-08,2026-05-23,,Outstanding,32,0,0
INV-2026-02496,Frontier Tech,SMB,PayFlow Technologies,10866.02,2026-02-17,2026-03-19,2026-04-01,Late,43,1,13
INV-2026-02497,Orion Aerospace,Enterprise,FleetManage Co,120387.62,2024-11-18,2025-01-17,2025-01-09,Paid,52,0,0
INV-2026-02498,Granite Construction,Enterprise,GreenLedger Systems,58341.87,2024-12-07,2025-02-05,2025-02-04,Paid,59,0,0
INV-2026-02499,Granite Construction,Enterprise,NetScale Partners,70359.68,2026-01-27,2026-03-28,,Outstanding,103,1,43
INV-2026-02500,Riverstone Hotels,Mid-Market,WorkCapital Hub,11809.24,2025-09-12,2025-10-27,2025-10-31,Late,49,1,4
